argentinos,0.26789919323968214
o,0.16265308160980704
millones,0.16265308160980704
recursos,0.13009788184266916
encontramos,0.12873110274097724
mal,0.10532544769716318
quiero,0.10524611162987514
pobreza,0.10524611162987514
seguridad,0.10524611162987514
congreso,0.10524611162987514
e,0.09362262017525616
consensos,0.09167370376460113
deudas,0.09167370376460113
enorme,0.08673192122844611
gobierno,0.08611045496989785
mundo,0.08611045496989785
problemas,0.08611045496989785
queremos,0.08611045496989785
pesos,0.08191979265334914
falta,0.08191979265334914
hemos,0.0765426266399092
construir,0.0765426266399092
democracia,0.0765426266399092
mejores,0.0765426266399092
desarrollo,0.0765426266399092
incompetencia,0.0733389630116809
gran,0.07227660102370509
deuda,0.07021696513144213
agenda,0.07021696513144213
justicia,0.07021696513144213
obras,0.06697479830992054
futuro,0.06697479830992054
conflicto,0.058514137609535104
presidente,0.058514137609535104
esfuerzo,0.058514137609535104
defensa,0.058514137609535104
abierto,0.058514137609535104
reservas,0.05782128081896407
chile,0.05782128081896407
respetar,0.05782128081896407
resolver,0.05782128081896407
principales,0.05782128081896407
uruguay,0.05782128081896407
servicio,0.05782128081896407
unir,0.05782128081896407
provincias,0.057406969979931895
social,0.057406969979931895
rutas,0.057406969979931895
meses,0.057406969979931895
historia,0.057406969979931895
ley,0.057406969979931895
derrotar,0.05500422225876067
necesarios,0.05500422225876067
restricciones,0.05500422225876067
proponer,0.05500422225876067
cerrar,0.05500422225876067
militancia,0.05500422225876067
debajo,0.05500422225876067
peores,0.05500422225876067
fiscal,0.04783914164994325
veces,0.04783914164994325
infraestructura,0.04783914164994325
proyecto,0.04783914164994325
crecimiento,0.04783914164994325
mejorar,0.04783914164994325
necesitamos,0.04783914164994325
vivir,0.04783914164994325
debemos,0.04783914164994325
espero,0.04783914164994325
forma,0.04783914164994325
crecer,0.04783914164994325
gente,0.04783914164994325
responsabilidad,0.04681131008762808
asignaciones,0.04681131008762808
central,0.04681131008762808
tengamos,0.04681131008762808
cantidad,0.04681131008762808
medidas,0.04681131008762808
pasos,0.04681131008762808
primer,0.04681131008762808
competitividad,0.04681131008762808
fortalecer,0.04681131008762808
cuidar,0.04681131008762808
medio,0.04681131008762808
miedo,0.04681131008762808
debe,0.04681131008762808
gobernadores,0.04681131008762808
final,0.043365960614223056
alrededor,0.043365960614223056
cepo,0.043365960614223056
violencia,0.043365960614223056
promedio,0.043365960614223056
funcionamiento,0.043365960614223056
importar,0.043365960614223056
ingreso,0.043365960614223056
transformaciones,0.043365960614223056
producto,0.043365960614223056
aproximadamente,0.043365960614223056
encontrado,0.043365960614223056
funcionan,0.043365960614223056
bajando,0.043365960614223056
puente,0.043365960614223056
trenes,0.043365960614223056
olvidar,0.043365960614223056
pasado,0.0382713133199546
capacidad,0.0382713133199546
calidad,0.0382713133199546
realidad,0.0382713133199546
transparencia,0.0382713133199546
principal,0.0382713133199546
claro,0.0382713133199546
durante,0.0382713133199546
federal,0.0382713133199546
equipo,0.0382713133199546
hicimos,0.0382713133199546
conflictos,0.0382713133199546
generar,0.0382713133199546
montos,0.03666948150584045
sensatas,0.03666948150584045
lleva,0.03666948150584045
primar,0.03666948150584045
nula,0.03666948150584045
demostrando,0.03666948150584045
cuida,0.03666948150584045
ciudadanos,0.03666948150584045
conocidos,0.03666948150584045
reafirmamos,0.03666948150584045
desidia,0.03666948150584045
golpe,0.03666948150584045
severos,0.03666948150584045
responsabilidades,0.03666948150584045
reformar,0.03666948150584045
abrieron,0.03666948150584045
cumplen,0.03666948150584045
bolsillo,0.03666948150584045
paraguay,0.03666948150584045
estructurales,0.03666948150584045
indigencia,0.03666948150584045
obligatoriedad,0.03666948150584045
trae,0.03666948150584045
enormes,0.03666948150584045
compromisos,0.03666948150584045
impulsaremos,0.03666948150584045
olvidaremos,0.03666948150584045
holdouts,0.03666948150584045
vive,0.03666948150584045
injusticia,0.03666948150584045
negro,0.03666948150584045
seremos,0.03666948150584045
estuvimos,0.03666948150584045
bloques,0.03666948150584045
creatividad,0.03666948150584045
mata,0.03666948150584045
bolivia,0.03666948150584045
resentimientos,0.03666948150584045
entendimiento,0.03666948150584045
fortaleceremos,0.03666948150584045
comprometo,0.03666948150584045
primeros,0.035108482565721064
papel,0.035108482565721064
relaciones,0.035108482565721064
permanente,0.035108482565721064
responsable,0.035108482565721064
adelante,0.035108482565721064
humanos,0.035108482565721064
avanzar,0.035108482565721064
podamos,0.035108482565721064
importancia,0.035108482565721064
comercio,0.035108482565721064
transparente,0.035108482565721064
llevar,0.035108482565721064
brasil,0.035108482565721064
padres,0.035108482565721064
siglo,0.035108482565721064
xxi,0.035108482565721064
compromiso,0.035108482565721064
recibimos,0.035108482565721064
derechos,0.035108482565721064
cero,0.035108482565721064
alguien,0.035108482565721064
metropolitana,0.035108482565721064
presupuesto,0.035108482565721064
trabas,0.035108482565721064
educativa,0.035108482565721064
siquiera,0.035108482565721064
control,0.035108482565721064
universal,0.035108482565721064
construyendo,0.035108482565721064
creemos,0.035108482565721064
anterior,0.035108482565721064
datos,0.035108482565721064
causa,0.035108482565721064
mayor,0.035108482565721064
reclamo,0.035108482565721064
gasto,0.028910640409482036
diciembre,0.028910640409482036
carrera,0.028910640409482036
despilfarro,0.028910640409482036
necesidad,0.028910640409482036
abuelos,0.028910640409482036
convencidos,0.028910640409482036
colombia,0.028910640409482036
proponerles,0.028910640409482036
terrorismo,0.028910640409482036
credibilidad,0.028910640409482036
ministerio,0.028910640409482036
voto,0.028910640409482036
destruye,0.028910640409482036
impulsar,0.028910640409482036
puertos,0.028910640409482036
partida,0.028910640409482036
exterior,0.028910640409482036
pone,0.028910640409482036
tendencia,0.028910640409482036
competencia,0.028910640409482036
personal,0.028910640409482036
impuestos,0.028910640409482036
irresponsable,0.028910640409482036
maduras,0.028910640409482036
ingeniero,0.028910640409482036
caro,0.028910640409482036
invito,0.028910640409482036
altura,0.028910640409482036
faltan,0.028910640409482036
intenciones,0.028910640409482036
buitres,0.028910640409482036
pagamos,0.028910640409482036
servir,0.028910640409482036
etapa,0.028910640409482036
cuesta,0.028910640409482036
inseguridad,0.028910640409482036
triste,0.028910640409482036
cabo,0.028910640409482036
profunda,0.028910640409482036
usando,0.028910640409482036
ministro,0.028910640409482036
costos,0.028910640409482036
delito,0.028910640409482036
flagelo,0.028910640409482036
droga,0.028910640409482036
equidad,0.028910640409482036
llevado,0.028910640409482036
paralizadas,0.028910640409482036
gas,0.028910640409482036
interior,0.028910640409482036
atender,0.028910640409482036
impuesto,0.028910640409482036
espacios,0.028910640409482036
consejo,0.028910640409482036
ejes,0.028910640409482036
escuchar,0.028910640409482036
asumimos,0.028910640409482036
conversaciones,0.028910640409482036
pensamiento,0.028910640409482036
investigar,0.028910640409482036
posible,0.028703484989965947
significa,0.028703484989965947
familiares,0.028703484989965947
vivimos,0.028703484989965947
pido,0.028703484989965947
cambiar,0.028703484989965947
mundial,0.028703484989965947
partir,0.028703484989965947
lucha,0.028703484989965947
reforma,0.028703484989965947
cultura,0.028703484989965947
dar,0.028703484989965947
oportunidades,0.028703484989965947
tres,0.028703484989965947
nueva,0.028703484989965947
seguir,0.028703484989965947
vida,0.028703484989965947
sistema,0.028703484989965947
grandes,0.028703484989965947
nadie,0.028703484989965947
diferencias,0.028703484989965947
acuerdo,0.028703484989965947
salir,0.028703484989965947
chicos,0.028703484989965947
mejor,0.028703484989965947
lugar,0.028703484989965947
personas,0.028703484989965947
acceso,0.028703484989965947
manera,0.028703484989965947
ahora,0.028703484989965947
leyes,0.028703484989965947
respecto,0.028703484989965947
poner,0.028703484989965947
llevamos,0.028703484989965947
nacional,0.028703484989965947
alta,0.02340565504381404
caso,0.02340565504381404
mercado,0.02340565504381404
respeto,0.02340565504381404
generando,0.02340565504381404
crimen,0.02340565504381404
vengo,0.02340565504381404
negar,0.02340565504381404
enfrentamiento,0.02340565504381404
jueces,0.02340565504381404
punto,0.02340565504381404
suprema,0.02340565504381404
corte,0.02340565504381404
clave,0.02340565504381404
cargas,0.02340565504381404
belgrano,0.02340565504381404
puesto,0.02340565504381404
terminar,0.02340565504381404
plan,0.02340565504381404
norte,0.02340565504381404
empieza,0.02340565504381404
decirles,0.02340565504381404
creo,0.02340565504381404
igualdad,0.02340565504381404
objetivo,0.02340565504381404
velocidad,0.02340565504381404
cambiando,0.02340565504381404
crisis,0.02340565504381404
instituciones,0.02340565504381404
marcha,0.02340565504381404
pbi,0.02340565504381404
mayores,0.02340565504381404
hogares,0.02340565504381404
banco,0.02340565504381404
lograr,0.02340565504381404
sesiones,0.02340565504381404
gobernar,0.02340565504381404
pese,0.02340565504381404
conocimiento,0.02340565504381404
encontrar,0.02340565504381404
confianza,0.02340565504381404
instituto,0.02340565504381404
oficina,0.02340565504381404
derecho,0.02340565504381404
judicial,0.02340565504381404
darle,0.02340565504381404
hijo,0.02340565504381404
aumentamos,0.02340565504381404
precios,0.02340565504381404
deben,0.02340565504381404
independiente,0.02340565504381404
nuevas,0.0191356566599773
pudimos,0.0191356566599773
muerte,0.0191356566599773
reducir,0.0191356566599773
empresas,0.0191356566599773
fuerzas,0.0191356566599773
rol,0.0191356566599773
paso,0.0191356566599773
queridos,0.0191356566599773
primera,0.0191356566599773
cambio,0.0191356566599773
buena,0.0191356566599773
escuelas,0.0191356566599773
tarea,0.0191356566599773
sectores,0.0191356566599773
peor,0.0191356566599773
trabajadores,0.0191356566599773
pensar,0.0191356566599773
internacional,0.0191356566599773
importante,0.0191356566599773
hacerlo,0.0191356566599773
inversiones,0.0191356566599773
servicios,0.0191356566599773
terminamos,0.0191356566599773
necesitan,0.0191356566599773
realmente,0.0191356566599773
llegar,0.0191356566599773
quiere,0.0191356566599773
pasa,0.0191356566599773
sentido,0.0191356566599773
sector,0.0191356566599773
problema,0.0191356566599773
empezamos,0.0191356566599773
hijos,0.0191356566599773
salud,0.0191356566599773
unidos,0.0191356566599773
creamos,0.0191356566599773
dimos,0.0191356566599773
cumplir,0.0191356566599773
aislarnos,0.018334740752920225
vio,0.018334740752920225
pensando,0.018334740752920225
globalizado,0.018334740752920225
enojarnos,0.018334740752920225
externo,0.018334740752920225
cuadruplicarse,0.018334740752920225
tomemos,0.018334740752920225
enemigo,0.018334740752920225
deprimirnos,0.018334740752920225
mayorista,0.018334740752920225
servirnos,0.018334740752920225
electricidad,0.018334740752920225
costo,0.018334740752920225
culpas,0.018334740752920225
ausencia,0.018334740752920225
conciencia,0.018334740752920225
parado,0.018334740752920225
decadencia,0.018334740752920225
indignante,0.018334740752920225
faltaron,0.018334740752920225
comunicaciones,0.018334740752920225
deteriorados,0.018334740752920225
saturados,0.018334740752920225
empecemos,0.018334740752920225
generaba,0.018334740752920225
incentivos,0.018334740752920225
inaceptable,0.018334740752920225
trajo,0.018334740752920225
sabiendo,0.018334740752920225
stock,0.018334740752920225
equivalente,0.018334740752920225
minoristas,0.018334740752920225
reafirmar,0.018334740752920225
variedad,0.018334740752920225
publicar,0.018334740752920225
nulo,0.018334740752920225
improductivos,0.018334740752920225
focalicemos,0.018334740752920225
comparto,0.018334740752920225
aprobado,0.018334740752920225
bienestar,0.018334740752920225
anormalidad,0.018334740752920225
inversores,0.018334740752920225
vivas,0.018334740752920225
acumulando,0.018334740752920225
comunican,0.018334740752920225
potencialidades,0.018334740752920225
beneficie,0.018334740752920225
abandono,0.018334740752920225
empezado,0.018334740752920225
coincidencias,0.018334740752920225
existir,0.018334740752920225
competir,0.018334740752920225
llenos,0.018334740752920225
temerosa,0.018334740752920225
semi,0.018334740752920225
iniciadas,0.018334740752920225
brinda,0.018334740752920225
optimismo,0.018334740752920225
alegra,0.018334740752920225
solar,0.018334740752920225
sepan,0.018334740752920225
ilusiones,0.018334740752920225
enojos,0.018334740752920225
sub,0.018334740752920225
aprovechada,0.018334740752920225
aerocomercial,0.018334740752920225
reducimos,0.018334740752920225
vialidad,0.018334740752920225
llamadas,0.018334740752920225
cotizaron,0.018334740752920225
mejoramos,0.018334740752920225
doble,0.018334740752920225
equivalentes,0.018334740752920225
presentes,0.018334740752920225
conveniencias,0.018334740752920225
vial,0.018334740752920225
punitorios,0.018334740752920225
posadas,0.018334740752920225
trabaje,0.018334740752920225
veloces,0.018334740752920225
oficia,0.018334740752920225
desmantelada,0.018334740752920225
pesar,0.018334740752920225
equipadas,0.018334740752920225
remuneradas,0.018334740752920225
entrenadas,0.018334740752920225
tratadas,0.018334740752920225
traumas,0.018334740752920225
fracaso,0.018334740752920225
desprotegidos,0.018334740752920225
preocupante,0.018334740752920225
panorama,0.018334740752920225
extra,0.018334740752920225
negado,0.018334740752920225
constante,0.018334740752920225
suba,0.018334740752920225
verbal,0.018334740752920225
sentir,0.018334740752920225
emitiendo,0.018334740752920225
publican,0.018334740752920225
financiar,0.018334740752920225
relevar,0.018334740752920225
unitaria,0.018334740752920225
centralista,0.018334740752920225
narcotraficantes,0.018334740752920225
gemelos,0.018334740752920225
enriquecieron,0.018334740752920225
tenedores,0.018334740752920225
crearon,0.018334740752920225
comimos,0.018334740752920225
ahorramos,0.018334740752920225
desempleadas,0.018334740752920225
gordas,0.018334740752920225
vacas,0.018334740752920225
vulnerable,0.018334740752920225
ordenarlo,0.018334740752920225
delicada,0.018334740752920225
mintieron,0.018334740752920225
camuflando,0.018334740752920225
plagado,0.018334740752920225
clientelismo,0.018334740752920225
compara,0.018334740752920225
explica,0.018334740752920225
ocupamos,0.018334740752920225
porcentajes,0.018334740752920225
cayeron,0.018334740752920225
dejado,0.018334740752920225
ineficiencia,0.018334740752920225
impune,0.018334740752920225
representa,0.018334740752920225
acumulada,0.018334740752920225
empezando,0.018334740752920225
radarizado,0.018334740752920225
desatendido,0.018334740752920225
borrando,0.018334740752920225
confundiendo,0.018334740752920225
vuelan,0.018334740752920225
barcos,0.018334740752920225
escasez,0.018334740752920225
mentido,0.018334740752920225
complicidad,0.018334740752920225
enamoren,0.018334740752920225
tradujo,0.018334740752920225
basada,0.018334740752920225
exigencia,0.018334740752920225
suficiente,0.018334740752920225
apasionen,0.018334740752920225
aumentaba,0.018334740752920225
comprometen,0.018334740752920225
cueste,0.018334740752920225
excelencia,0.018334740752920225
jurisdicciones,0.018334740752920225
publicados,0.018334740752920225
duela,0.018334740752920225
escondieron,0.018334740752920225
desigualdades,0.018334740752920225
escasa,0.018334740752920225
indefensas,0.018334740752920225
carece,0.018334740752920225
destruidas,0.018334740752920225
transforma,0.018334740752920225
exporta,0.018334740752920225
observatorio,0.018334740752920225
asia,0.018334740752920225
vecinos,0.018334740752920225
mueran,0.018334740752920225
tolerar,0.018334740752920225
proveedor,0.018334740752920225
pensamos,0.018334740752920225
acostumbramos,0.018334740752920225
obligaciones,0.018334740752920225
encontremos,0.018334740752920225
sumado,0.018334740752920225
exponencialmente,0.018334740752920225
empujado,0.018334740752920225
planeamiento,0.018334740752920225
libre,0.018334740752920225
expandirse,0.018334740752920225
implicaron,0.018334740752920225
repito,0.018334740752920225
rotos,0.018334740752920225
virtualmente,0.018334740752920225
instrumentos,0.018334740752920225
tensos,0.018334740752920225
reimpulsando,0.018334740752920225
cortar,0.018334740752920225
gesta,0.018334740752920225
interreligioso,0.018334740752920225
apruebe,0.018334740752920225
cumbre,0.018334740752920225
matones,0.018334740752920225
arbitrariedad,0.018334740752920225
insertar,0.018334740752920225
jujuy,0.018334740752920225
compararnos,0.018334740752920225
bullrich,0.018334740752920225
tolerantes,0.018334740752920225
fijaron,0.018334740752920225
crea,0.018334740752920225
purmamarca,0.018334740752920225
traza,0.018334740752920225
pelea,0.018334740752920225
ambientales,0.018334740752920225
alejan,0.018334740752920225
combatiremos,0.018334740752920225
impositiva,0.018334740752920225
intensa,0.018334740752920225
carga,0.018334740752920225
transformar,0.018334740752920225
sirva,0.018334740752920225
administrada,0.018334740752920225
formando,0.018334740752920225
anunciaremos,0.018334740752920225
frustrante,0.018334740752920225
aplastante,0.018334740752920225
denunciar,0.018334740752920225
negatividad,0.018334740752920225
inevitables,0.018334740752920225
entendemos,0.018334740752920225
especule,0.018334740752920225
afianzar,0.018334740752920225
considero,0.018334740752920225
canasta,0.018334740752920225
perversa,0.018334740752920225
previsibilidad,0.018334740752920225
promoviendo,0.018334740752920225
inercia,0.018334740752920225
correr,0.018334740752920225
reduciendo,0.018334740752920225
acercando,0.018334740752920225
iremos,0.018334740752920225
monetaria,0.018334740752920225
profundizando,0.018334740752920225
descontrolada,0.018334740752920225
guiaron,0.018334740752920225
cameron,0.018334740752920225
inicial,0.018334740752920225
renunciar,0.018334740752920225
universalidad,0.018334740752920225
dominantes,0.018334740752920225
deportivas,0.018334740752920225
escolares,0.018334740752920225
extendida,0.018334740752920225
jornada,0.018334740752920225
progresivamente,0.018334740752920225
incorporar,0.018334740752920225
digitales,0.018334740752920225
entornos,0.018334740752920225
aprendizaje,0.018334740752920225
implementar,0.018334740752920225
propone,0.018334740752920225
documento,0.018334740752920225
solucionar,0.018334740752920225
ganancias,0.018334740752920225
ampliado,0.018334740752920225
aclararse,0.018334740752920225
valoro,0.018334740752920225
muerto,0.018334740752920225
permanezca,0.018334740752920225
excepto,0.018334740752920225
inciertas,0.018334740752920225
dispusimos,0.018334740752920225
coincidencia,0.018334740752920225
corregir,0.018334740752920225
inconstitucionalidad,0.018334740752920225
elevamos,0.018334740752920225
decretamos,0.018334740752920225
sindicalistas,0.018334740752920225
encarado,0.018334740752920225
reconocimos,0.018334740752920225
hermandad,0.018334740752920225
fortaleciendo,0.018334740752920225
candidatos,0.018334740752920225
transferir,0.018334740752920225
venganza,0.018334740752920225
superintendencia,0.018334740752920225
ciudad,0.018334740752920225
profesionalizar,0.018334740752920225
choques,0.018334740752920225
fragilidad,0.018334740752920225
especializar,0.018334740752920225
levantamos,0.018334740752920225
cambiarias,0.018334740752920225
sanar,0.018334740752920225
pronosticadas,0.018334740752920225
ocurriesen,0.018334740752920225
concretar,0.018334740752920225
buscando,0.018334740752920225
surgieron,0.018334740752920225
enferma,0.018334740752920225
contribuyentes,0.018334740752920225
llego,0.018334740752920225
arrolladora,0.018334740752920225
esperanza,0.018334740752920225
pagarlo,0.018334740752920225
relatos,0.018334740752920225
eficiente,0.018334740752920225
duro,0.018334740752920225
participativo,0.018334740752920225
conciliar,0.018334740752920225
inclusivo,0.018334740752920225
llegaban,0.018334740752920225
administrativa,0.018334740752920225
ponerlas,0.018334740752920225
desarrolle,0.018334740752920225
enfrentaban,0.018334740752920225
paulatina,0.018334740752920225
compartieron,0.018334740752920225
corazones,0.018334740752920225
propusimos,0.018334740752920225
frenaban,0.018334740752920225
imprescindible,0.018334740752920225
desarrollaremos,0.018334740752920225
suprimimos,0.018334740752920225
santo,0.018334740752920225
licitar,0.018334740752920225
papa,0.018334740752920225
transferido,0.018334740752920225
gratuidad,0.018334740752920225
sostuvimos,0.018334740752920225
expresiones,0.018334740752920225
alimentaria,0.018334740752920225
abuse,0.018334740752920225
desgracias,0.018334740752920225
conversamos,0.018334740752920225
lleve,0.018334740752920225
demuestran,0.018334740752920225
ciudadano,0.018334740752920225
quedamos,0.018334740752920225
amarguras,0.018334740752920225
alegro,0.018334740752920225
cambiemos,0.018334740752920225
unificar,0.018334740752920225
comicio,0.018334740752920225
boleta,0.018334740752920225
pertenece,0.018334740752920225
gobiernan,0.018334740752920225
acerca,0.018334740752920225
reunidos,0.018334740752920225
ambiciosa,0.018334740752920225
compartido,0.018334740752920225
convocarlos,0.018334740752920225
discuta,0.018334740752920225
construimos,0.018334740752920225
yrigoyen,0.018334740752920225
miente,0.018334740752920225
don,0.018334740752920225
deshonestidad,0.018334740752920225
rinde,0.018334740752920225
consenso,0.018334740752920225
pertenezcamos,0.018334740752920225
uniformidad,0.018334740752920225
estimula,0.018334740752920225
diversidad,0.018334740752920225
aleja,0.018334740752920225
autoestima,0.018334740752920225
eleva,0.018334740752920225
dignifica,0.018334740752920225
agradecerles,0.018334740752920225
aceptar,0.018334740752920225
apostar,0.018334740752920225
sentar,0.018334740752920225
atajo,0.018334740752920225
resuelva,0.018334740752920225
acordaba,0.018334740752920225
discutimos,0.018334740752920225
entendida,0.018334740752920225
criolla,0.018334740752920225
debatimos,0.018334740752920225
amenazas,0.018334740752920225
viveza,0.018334740752920225
propiedad,0.018334740752920225
cerramos,0.018334740752920225
inmensas,0.018334740752920225
estimule,0.018334740752920225
parezca,0.018334740752920225
celebrada,0.018334740752920225
atendimos,0.018334740752920225
inclusiva,0.018334740752920225
normalizamos,0.018334740752920225
busque,0.018334740752920225
seriedad,0.018334740752920225
igualamos,0.018334740752920225
introducir,0.018334740752920225
publico,0.018334740752920225
trate,0.018334740752920225
inglaterra,0.018334740752920225
prometido,0.018334740752920225
requerir,0.018334740752920225
encuentro,0.018334740752920225
negligencias,0.018334740752920225
normalizando,0.018334740752920225
enfrentando,0.018334740752920225
compartimos,0.018334740752920225
someter,0.018334740752920225
saldada,0.018334740752920225
marcan,0.018334740752920225
previsionales,0.018334740752920225
mentir,0.018334740752920225
sostenibilidad,0.018334740752920225
devora,0.018334740752920225
vara,0.018334740752920225
cubra,0.018334740752920225
unificado,0.018334740752920225
trabajos,0.018334740752920225
trato,0.018334740752920225
llevarnos,0.018334740752920225
cumplimos,0.018334740752920225
romper,0.018334740752920225
convoca,0.018334740752920225
subrogancia,0.018334740752920225
rencores,0.018334740752920225
compras,0.018334740752920225
aventura,0.018334740752920225
promoveremos,0.018334740752920225
oscura,0.018334740752920225
gritar,0.018334740752920225
empobrece,0.018334740752920225
generarlos,0.018334740752920225
provenientes,0.018334740752920225
decomiso,0.018334740752920225
aprovechemos,0.018334740752920225
restablecimos,0.018334740752920225
bolsones,0.018334740752920225
previsional,0.014455320204741018
cerrada,0.014455320204741018
sola,0.014455320204741018
interno,0.014455320204741018
puentes,0.014455320204741018
noticia,0.014455320204741018
maravilloso,0.014455320204741018
comienzan,0.014455320204741018
circunstancias,0.014455320204741018
falsas,0.014455320204741018
global,0.014455320204741018
mirando,0.014455320204741018
causas,0.014455320204741018
estima,0.014455320204741018
controles,0.014455320204741018
cuarto,0.014455320204741018
frustraciones,0.014455320204741018
crece,0.014455320204741018
cumplido,0.014455320204741018
conectividad,0.014455320204741018
alberto,0.014455320204741018
brecha,0.014455320204741018
sale,0.014455320204741018
consumidor,0.014455320204741018
dando,0.014455320204741018
docente,0.014455320204741018
rango,0.014455320204741018
secretaria,0.014455320204741018
partido,0.014455320204741018
gastos,0.014455320204741018
ponerse,0.014455320204741018
calendario,0.014455320204741018
libres,0.014455320204741018
convirtiendo,0.014455320204741018
elecciones,0.014455320204741018
votado,0.014455320204741018
habido,0.014455320204741018
magistratura,0.014455320204741018
condenados,0.014455320204741018
independencia,0.014455320204741018
eficiencia,0.014455320204741018
fortalecimiento,0.014455320204741018
hora,0.014455320204741018
legislativos,0.014455320204741018
llamado,0.014455320204741018
finalmente,0.014455320204741018
doctora,0.014455320204741018
productivos,0.014455320204741018
edad,0.014455320204741018
claves,0.014455320204741018
agregado,0.014455320204741018
primario,0.014455320204741018
ferrocarriles,0.014455320204741018
activo,0.014455320204741018
procesos,0.014455320204741018
mencionar,0.014455320204741018
superar,0.014455320204741018
tratar,0.014455320204741018
inmenso,0.014455320204741018
unidad,0.014455320204741018
amia,0.014455320204741018
sean,0.014455320204741018
propaganda,0.014455320204741018
lanzado,0.014455320204741018
gusto,0.014455320204741018
desarrollada,0.014455320204741018
adquisitivo,0.014455320204741018
esperar,0.014455320204741018
dudas,0.014455320204741018
militar,0.014455320204741018
productor,0.014455320204741018
pagaba,0.014455320204741018
definitivamente,0.014455320204741018
insumos,0.014455320204741018
claramente,0.014455320204741018
alejarnos,0.014455320204741018
planes,0.014455320204741018
mantener,0.014455320204741018
desigualdad,0.014455320204741018
amigos,0.014455320204741018
quedarse,0.014455320204741018
tierra,0.014455320204741018
siente,0.014455320204741018
compatriotas,0.014455320204741018
armadas,0.014455320204741018
herramienta,0.014455320204741018
naciones,0.014455320204741018
unidas,0.014455320204741018
escuchan,0.014455320204741018
consumo,0.014455320204741018
posiciones,0.014455320204741018
irresponsabilidad,0.014455320204741018
crecido,0.014455320204741018
lado,0.014455320204741018
responsables,0.014455320204741018
kirchner,0.014455320204741018
enfrentan,0.014455320204741018
aviones,0.014455320204741018
dialogar,0.014455320204741018
bonos,0.014455320204741018
aislamiento,0.014455320204741018
cuyo,0.014455320204741018
viven,0.014455320204741018
unida,0.014455320204741018
mentira,0.014455320204741018
aprueban,0.014455320204741018
hambre,0.014455320204741018
anual,0.014455320204741018
evaluar,0.014455320204741018
mejorando,0.014455320204741018
asegurarnos,0.014455320204741018
desordenado,0.014455320204741018
desarrollar,0.014455320204741018
existe,0.014455320204741018
cuidado,0.014455320204741018
estemos,0.014455320204741018
cuba,0.014455320204741018
malas,0.014455320204741018
fruto,0.014455320204741018
sienten,0.014455320204741018
drogas,0.014455320204741018
llevaron,0.014455320204741018
ejemplos,0.014455320204741018
indican,0.014455320204741018
prueba,0.014455320204741018
exigir,0.014455320204741018
atrasados,0.014455320204741018
aumento,0.014455320204741018
casos,0.014455320204741018
recibe,0.014455320204741018
vende,0.014455320204741018
enemigos,0.014455320204741018
puso,0.014455320204741018
empleados,0.014455320204741018
internamente,0.014455320204741018
exportar,0.014455320204741018
obligados,0.014455320204741018
europa,0.014455320204741018
magnitud,0.014455320204741018
australia,0.014455320204741018
oriente,0.014455320204741018
calculamos,0.014455320204741018
parlamentario,0.014455320204741018
negociar,0.014455320204741018
club,0.014455320204741018
sustentable,0.014455320204741018
regular,0.014455320204741018
inteligente,0.014455320204741018
pagan,0.014455320204741018
empresa,0.014455320204741018
argentinas,0.014455320204741018
promesa,0.014455320204741018
fuera,0.014455320204741018
soja,0.014455320204741018
primarios,0.014455320204741018
sacamos,0.014455320204741018
cobrar,0.014455320204741018
horizonte,0.014455320204741018
incluidos,0.014455320204741018
tratado,0.014455320204741018
complemento,0.014455320204741018
beneficio,0.014455320204741018
dejen,0.014455320204741018
principios,0.014455320204741018
simplemente,0.014455320204741018
reconocen,0.014455320204741018
reino,0.014455320204741018
prestaciones,0.014455320204741018
cortes,0.014455320204741018
unido,0.014455320204741018
luz,0.014455320204741018
precio,0.014455320204741018
contrario,0.014455320204741018
posibilidad,0.014455320204741018
china,0.014455320204741018
rusia,0.014455320204741018
africanos,0.014455320204741018
dependencia,0.014455320204741018
genera,0.014455320204741018
avancemos,0.014455320204741018
francia,0.014455320204741018
corriente,0.014455320204741018
unirnos,0.014455320204741018
informe,0.014455320204741018
riqueza,0.014455320204741018
estudiantes,0.014455320204741018
normal,0.014455320204741018
elegir,0.014455320204741018
pami,0.014455320204741018
talento,0.014455320204741018
hospitales,0.014455320204741018
israel,0.014455320204741018
alemania,0.014455320204741018
italia,0.014455320204741018
quedan,0.014455320204741018
apoyo,0.014455320204741018
estados,0.014455320204741018
ecuador,0.014455320204741018
presidentes,0.014455320204741018
hospital,0.014455320204741018
documentos,0.014455320204741018
inicie,0.014455320204741018
gestionado,0.014455320204741018
europea,0.014455320204741018
hicieron,0.014455320204741018
tenido,0.014455320204741018
embargo,0.014455320204741018
necesidades,0.014455320204741018
bicentenario,0.014455320204741018
permitieron,0.014455320204741018
pendiente,0.014455320204741018
escalas,0.014455320204741018
emergencias,0.014455320204741018
imponer,0.014455320204741018
acabar,0.014455320204741018
pendientes,0.014455320204741018
mirada,0.014455320204741018
hayamos,0.014455320204741018
default,0.014455320204741018
generosidad,0.014455320204741018
islas,0.014455320204741018
convocar,0.014455320204741018
persecuciones,0.014455320204741018
conducidos,0.014455320204741018
heridas,0.014455320204741018
rato,0.014455320204741018
complejos,0.014455320204741018
perdiendo,0.014455320204741018
comenzamos,0.014455320204741018
foro,0.014455320204741018
delante,0.014455320204741018
amenaza,0.014455320204741018
normalizar,0.014455320204741018
mecanismo,0.014455320204741018
tarifa,0.014455320204741018
sinceramiento,0.014455320204741018
genere,0.014455320204741018
digno,0.014455320204741018
conectado,0.014455320204741018
regionales,0.014455320204741018
imponible,0.014455320204741018
experiencia,0.014455320204741018
plazos,0.014455320204741018
renovables,0.014455320204741018
arrepentido,0.014455320204741018
prioridad,0.014455320204741018
reciban,0.014455320204741018
alejado,0.014455320204741018
pueblito,0.014455320204741018
representantes,0.014455320204741018
parados,0.014455320204741018
proveedores,0.014455320204741018
electoral,0.014455320204741018
votando,0.014455320204741018
generamos,0.014455320204741018
abandonar,0.014455320204741018
angustias,0.014455320204741018
miedos,0.014455320204741018
ambicioso,0.014455320204741018
semestre,0.014455320204741018
logrando,0.014455320204741018
pluralistas,0.014455320204741018
licitaciones,0.014455320204741018
dinero,0.014455320204741018
impuso,0.014455320204741018
felicidad,0.014455320204741018
potencialidad,0.014455320204741018
actividades,0.014455320204741018
semanas,0.014455320204741018
viendo,0.014455320204741018
tributaria,0.014455320204741018
lleno,0.014455320204741018
vincularnos,0.014455320204741018
cambiario,0.014455320204741018
retenciones,0.014455320204741018
presta,0.014455320204741018
prevenir,0.014455320204741018
vino,0.01170282752190702
cuestiones,0.01170282752190702
puntos,0.01170282752190702
globales,0.01170282752190702
contar,0.01170282752190702
garantiza,0.01170282752190702
teniendo,0.01170282752190702
creer,0.01170282752190702
ministros,0.01170282752190702
universidad,0.01170282752190702
ampliar,0.01170282752190702
reconocer,0.01170282752190702
contexto,0.01170282752190702
llevan,0.01170282752190702
hoja,0.01170282752190702
ven,0.01170282752190702
distintos,0.01170282752190702
presentar,0.01170282752190702
cosa,0.01170282752190702
tragedia,0.01170282752190702
dejo,0.01170282752190702
inauguradas,0.01170282752190702
ordinarias,0.01170282752190702
compartir,0.01170282752190702
maestros,0.01170282752190702
miembros,0.01170282752190702
aprender,0.01170282752190702
ciencia,0.01170282752190702
protagonista,0.01170282752190702
absolutamente,0.01170282752190702
tiempos,0.01170282752190702
transferencia,0.01170282752190702
familia,0.01170282752190702
herramientas,0.01170282752190702
homicidios,0.01170282752190702
cuatro,0.01170282752190702
gobiernos,0.01170282752190702
quedar,0.01170282752190702
darles,0.01170282752190702
debates,0.01170282752190702
mejoras,0.01170282752190702
extranjeros,0.01170282752190702
presidencia,0.01170282752190702
positivo,0.01170282752190702
capital,0.01170282752190702
voces,0.01170282752190702
jubilaciones,0.01170282752190702
cinco,0.01170282752190702
quieran,0.01170282752190702
hablamos,0.01170282752190702
emergencia,0.01170282752190702
apertura,0.01170282752190702
especial,0.01170282752190702
buenos,0.01170282752190702
corresponde,0.01170282752190702
aires,0.01170282752190702
culturales,0.01170282752190702
seguiremos,0.01170282752190702
segundo,0.01170282752190702
productiva,0.01170282752190702
puertas,0.01170282752190702
nisman,0.01170282752190702
integrado,0.01170282752190702
hagan,0.01170282752190702
momentos,0.01170282752190702
implica,0.01170282752190702
mercosur,0.01170282752190702
delitos,0.01170282752190702
abrir,0.01170282752190702
industriales,0.01170282752190702
frente,0.01170282752190702
sacar,0.01170282752190702
malvinas,0.01170282752190702
pasamos,0.01170282752190702
prensa,0.01170282752190702
hombres,0.01170282752190702
empresarios,0.01170282752190702
mes,0.01170282752190702
fronteras,0.01170282752190702
tercer,0.01170282752190702
materia,0.01170282752190702
modelo,0.01170282752190702
once,0.01170282752190702
desempleo,0.01170282752190702
toneladas,0.01170282752190702
intereses,0.01170282752190702
sociales,0.01170282752190702
comprometidos,0.01170282752190702
cerca,0.01170282752190702
latina,0.01170282752190702
hecho,0.01170282752190702
equipamiento,0.01170282752190702
alumnos,0.01170282752190702
ferroviario,0.01170282752190702
mujeres,0.01170282752190702
fuerza,0.01170282752190702
provincia,0.01170282752190702
siguiendo,0.01170282752190702
pienso,0.01170282752190702
dio,0.01170282752190702
toca,0.01170282752190702
universidades,0.01170282752190702
venimos,0.01170282752190702
recordar,0.01170282752190702
fiscales,0.01170282752190702
pasaron,0.01170282752190702
poderes,0.01170282752190702
momento,0.01170282752190702
cumpliendo,0.01170282752190702
camino,0.01170282752190702
permita,0.01170282752190702
organizado,0.01170282752190702
prioridades,0.01170282752190702
partidos,0.01170282752190702
requiere,0.01170282752190702
respuesta,0.01170282752190702
juicios,0.01170282752190702
jubilados,0.01170282752190702
resto,0.01170282752190702
nuevamente,0.01170282752190702
puestos,0.00956782832998865
medios,0.00956782832998865
escuela,0.00956782832998865
fe,0.00956782832998865
recibir,0.00956782832998865
cosas,0.00956782832998865
tengan,0.00956782832998865
gracias,0.00956782832998865
ruta,0.00956782832998865
empleos,0.00956782832998865
digo,0.00956782832998865
seguimos,0.00956782832998865
formalmente,0.00956782832998865
diciendo,0.00956782832998865
ver,0.00956782832998865
especialmente,0.00956782832998865
menores,0.00956782832998865
ayuda,0.00956782832998865
tuvimos,0.00956782832998865
acuerdos,0.00956782832998865
turismo,0.00956782832998865
transporte,0.00956782832998865
volver,0.00956782832998865
bajar,0.00956782832998865
entender,0.00956782832998865
estaban,0.00956782832998865
construye,0.00956782832998865
aporte,0.00956782832998865
resultados,0.00956782832998865
persona,0.00956782832998865
asumir,0.00956782832998865
invitados,0.00956782832998865
especiales,0.00956782832998865
mejora,0.00956782832998865
integrantes,0.00956782832998865
dificultades,0.00956782832998865
reformas,0.00956782832998865
cobertura,0.00956782832998865
plazo,0.00956782832998865
bienes,0.00956782832998865
red,0.00956782832998865
agua,0.00956782832998865
cloacas,0.00956782832998865
paz,0.00956782832998865
casa,0.00956782832998865
permitir,0.00956782832998865
ambiente,0.00956782832998865
quieren,0.00956782832998865
procesal,0.00956782832998865
proyectos,0.00956782832998865
cambios,0.00956782832998865
productos,0.00956782832998865
iva,0.00956782832998865
internet,0.00956782832998865
tenga,0.00956782832998865
puedan,0.00956782832998865
sociedad,0.00956782832998865
digital,0.00956782832998865
medida,0.00956782832998865
recinto,0.00956782832998865
penal,0.00956782832998865
aprovechar,0.00956782832998865
salario,0.00956782832998865
buenas,0.00956782832998865
soluciones,0.00956782832998865
ayudar,0.00956782832998865
casualidad,0.0
tuvo,0.0
remotos,0.0
conforman,0.0
andando,0.0
sky,0.0
austral,0.0
violar,0.0
team,0.0
percance,0.0
amarrocado,0.0
reingresar,0.0
anduvo,0.0
viajar,0.0
entrar,0.0
reasumir,0.0
gallegos,0.0
ricardo,0.0
severo,0.0
expulsados,0.0
deudores,0.0
masivamente,0.0
morosos,0.0
lejos,0.0
profundo,0.0
viajen,0.0
molesta,0.0
demonio,0.0
belo,0.0
iban,0.0
despedazar,0.0
obviamente,0.0
retrae,0.0
supuesto,0.0
cana,0.0
punta,0.0
habana,0.0
incorporaron,0.0
cordobeses,0.0
brasilia,0.0
martes,0.0
calafate,0.0
inaugura,0.0
saqueos,0.0
lunes,0.0
oscuras,0.0
saqueado,0.0
quito,0.0
tomada,0.0
guayaquil,0.0
trasladarnos,0.0
apropiado,0.0
intertramos,0.0
dijeran,0.0
saqueados,0.0
corredores,0.0
reconocerlo,0.0
acusatorio,0.0
guarda,0.0
inauguraron,0.0
castillo,0.0
procuradora,0.0
cumplieron,0.0
dicen,0.0
airbus,0.0
fuselaje,0.0
funciones,0.0
presupuestaria,0.0
ayudaron,0.0
bruto,0.0
llama,0.0
curitiba,0.0
hablando,0.0
exitosamente,0.0
hangar,0.0
comprar,0.0
vilma,0.0
flota,0.0
julio,0.0
sometidos,0.0
miembro,0.0
propietarios,0.0
vaciada,0.0
resultado,0.0
citaron,0.0
ezeiza,0.0
redondo,0.0
suerte,0.0
comunicarles,0.0
insista,0.0
vuela,0.0
neto,0.0
alak,0.0
tesoro,0.0
demandaba,0.0
consiguiente,0.0
fiestas,0.0
ancho,0.0
transformando,0.0
ojo,0.0
inundando,0.0
inquisitorio,0.0
pilotos,0.0
navidad,0.0
destinos,0.0
ventas,0.0
enjuiciados,0.0
entrenamiento,0.0
cefepra,0.0
vieja,0.0
debo,0.0
sancionado,0.0
felicito,0.0
pruebas,0.0
prepararse,0.0
decrecido,0.0
traslado,0.0
bancarrota,0.0
seis,0.0
bandera,0.0
indagatoria,0.0
vendieron,0.0
procedimiento,0.0
relieve,0.0
casualmente,0.0
auditora,0.0
tratando,0.0
tradicionales,0.0
comenzara,0.0
venir,0.0
distintas,0.0
pronosticar,0.0
caen,0.0
valga,0.0
remitir,0.0
anunciando,0.0
asustar,0.0
enviar,0.0
creen,0.0
fantasmas,0.0
atente,0.0
idiotas,0.0
indisoluble,0.0
suspendimos,0.0
asusten,0.0
empresario,0.0
perjudique,0.0
mandar,0.0
concretamente,0.0
modificatorio,0.0
decreto,0.0
dictadura,0.0
modelos,0.0
suspensiones,0.0
sectoriales,0.0
volcaron,0.0
conformados,0.0
aca,0.0
exportador,0.0
biodiesel,0.0
destino,0.0
hd,0.0
audiovisuales,0.0
equipos,0.0
petrolera,0.0
perfiles,0.0
difundidos,0.0
emprendimientos,0.0
proyecciones,0.0
oportunamente,0.0
hablaremos,0.0
duplicado,0.0
blando,0.0
bcra,0.0
carta,0.0
obligan,0.0
redireccionar,0.0
patente,0.0
defienden,0.0
torne,0.0
subsidiada,0.0
pilcha,0.0
linda,0.0
vean,0.0
amigas,0.0
paquetes,0.0
adhesivo,0.0
olviden,0.0
mango,0.0
gastan,0.0
peso,0.0
necesitando,0.0
tipo,0.0
saberlo,0.0
negocios,0.0
adheridos,0.0
colchones,0.0
anteojos,0.0
recetados,0.0
famoso,0.0
buscan,0.0
comprarse,0.0
abajo,0.0
encantan,0.0
pilchas,0.0
giro,0.0
aviso,0.0
monto,0.0
bonita,0.0
barra,0.0
sumamente,0.0
exitosa,0.0
abandonadas,0.0
albergan,0.0
consiste,0.0
abandonado,0.0
retornar,0.0
pobres,0.0
shoppings,0.0
compran,0.0
locales,0.0
gusta,0.0
lindas,0.0
utilizan,0.0
bioetanol,0.0
planta,0.0
laminado,0.0
odiamos,0.0
explotar,0.0
radios,0.0
comentarios,0.0
diarios,0.0
titulares,0.0
cristiano,0.0
buen,0.0
amar,0.0
odiar,0.0
divididos,0.0
verano,0.0
carpintero,0.0
picado,0.0
metido,0.0
patria,0.0
festejando,0.0
sorprendidos,0.0
acuerdan,0.0
salvando,0.0
acordar,0.0
literalmente,0.0
batiendo,0.0
records,0.0
feriados,0.0
condujeron,0.0
economistas,0.0
ribotril,0.0
escuchaba,0.0
asustada,0.0
jubilatoria,0.0
vacaciones,0.0
eligieron,0.0
residentes,0.0
llegada,0.0
interanual,0.0
leerles,0.0
receptivo,0.0
volumen,0.0
tome,0.0
permitido,0.0
parlamento,0.0
programados,0.0
rigurosamente,0.0
veraneando,0.0
repente,0.0
acero,0.0
financio,0.0
trasladar,0.0
adverso,0.0
finanzas,0.0
desfalco,0.0
probaba,0.0
destruir,0.0
fabrican,0.0
camines,0.0
invertido,0.0
financiaba,0.0
detallar,0.0
produjo,0.0
cartera,0.0
clientes,0.0
financiado,0.0
necesaria,0.0
terminal,0.0
palanquilla,0.0
mediante,0.0
fabricante,0.0
emergentes,0.0
traslada,0.0
maneras,0.0
regla,0.0
referidos,0.0
menciones,0.0
conocimos,0.0
desplegado,0.0
activas,0.0
socios,0.0
doctor,0.0
redoblar,0.0
decrecimiento,0.0
certezas,0.0
adonde,0.0
vuelo,0.0
quality,0.0
to,0.0
fly,0.0
sube,0.0
fed,0.0
commodities,0.0
proporcional,0.0
elaborado,0.0
aumentos,0.0
maier,0.0
titular,0.0
miren,0.0
fondos,0.0
estudien,0.0
paga,0.0
solventa,0.0
administraban,0.0
crema,0.0
hice,0.0
recuerden,0.0
quitado,0.0
haberle,0.0
recuperado,0.0
poderosos,0.0
minoritarios,0.0
perdonan,0.0
sustentabilidad,0.0
quinta,0.0
hipotecarios,0.0
suficientes,0.0
bancario,0.0
sujeto,0.0
acumulado,0.0
comprueba,0.0
solventar,0.0
hayan,0.0
cobraron,0.0
cobraran,0.0
escandaloso,0.0
previa,0.0
comisiones,0.0
mediados,0.0
cobraban,0.0
malo,0.0
importaba,0.0
quedaban,0.0
sostuvieran,0.0
equivale,0.0
administradoras,0.0
aportaban,0.0
sueldo,0.0
llegaron,0.0
enojar,0.0
inteligentes,0.0
seamos,0.0
magia,0.0
viviendas,0.0
procrear,0.0
remunerado,0.0
abuela,0.0
kirchnerista,0.0
cristina,0.0
octubre,0.0
afjp,0.0
adivinan,0.0
repro,0.0
resalta,0.0
oit,0.0
informando,0.0
reconocimientos,0.0
periodo,0.0
contempla,0.0
colocado,0.0
progresar,0.0
industria,0.0
provista,0.0
progreso,0.0
legisladoras,0.0
eliminando,0.0
netbook,0.0
debido,0.0
desmiente,0.0
reconocieron,0.0
conjunto,0.0
salarial,0.0
seguida,0.0
encuentra,0.0
excluidos,0.0
incluir,0.0
elevada,0.0
tope,0.0
figura,0.0
analiza,0.0
indicadores,0.0
rotundamente,0.0
significado,0.0
cepal,0.0
mejorado,0.0
factor,0.0
renta,0.0
mejoraron,0.0
destaca,0.0
desincentivo,0.0
implique,0.0
hubieran,0.0
ido,0.0
llevaban,0.0
morosidad,0.0
marea,0.0
viento,0.0
sosteniendo,0.0
volcamos,0.0
reprimarizado,0.0
reindustrializarse,0.0
poquito,0.0
remates,0.0
endeudada,0.0
recuerdo,0.0
suspendidos,0.0
granos,0.0
industrial,0.0
afectado,0.0
acabado,0.0
convertibilidad,0.0
devastadas,0.0
industrias,0.0
cuyas,0.0
reindustrializar,0.0
explique,0.0
permitimos,0.0
denominamos,0.0
subsidios,0.0
distraigas,0.0
iveco,0.0
agrale,0.0
benz,0.0
mercedes,0.0
fabricar,0.0
volvieron,0.0
camiones,0.0
acoplados,0.0
direccionamos,0.0
despido,0.0
orientamos,0.0
refop,0.0
k,0.0
querido,0.0
importaciones,0.0
sustituir,0.0
mantenga,0.0
procreauto,0.0
reunirnos,0.0
abocamos,0.0
otorgado,0.0
gerentes,0.0
desigual,0.0
dividen,0.0
educativo,0.0
material,0.0
libros,0.0
significan,0.0
gratuita,0.0
indirecta,0.0
transferencias,0.0
simple,0.0
distribuimos,0.0
pobre,0.0
monetarios,0.0
dios,0.0
azuzado,0.0
laburante,0.0
llevaba,0.0
sirviendo,0.0
limpiando,0.0
trabajaba,0.0
ejecutivos,0.0
quintiles,0.0
rico,0.0
sorteados,0.0
reitero,0.0
controlarlo,0.0
secretarias,0.0
secretarios,0.0
otorgados,0.0
rodeado,0.0
estuvo,0.0
impactado,0.0
gustan,0.0
ricos,0.0
noveno,0.0
quintil,0.0
octavo,0.0
negativamente,0.0
sexto,0.0
daban,0.0
correcto,0.0
ingresa,0.0
hogar,0.0
ingresaba,0.0
totales,0.0
tuvieran,0.0
secundarios,0.0
conectar,0.0
altas,0.0
cola,0.0
adecuadamente,0.0
necesario,0.0
estupidez,0.0
significaba,0.0
tintas,0.0
recargara,0.0
injusto,0.0
bloque,0.0
inclusive,0.0
mejoramiento,0.0
visitada,0.0
entrado,0.0
entero,0.0
cercenaban,0.0
discusiones,0.0
duras,0.0
escenario,0.0
diputada,0.0
labor,0.0
esperando,0.0
activa,0.0
sentada,0.0
cocodrilo,0.0
lapso,0.0
jubilatorio,0.0
acoge,0.0
sigue,0.0
cubiertas,0.0
junio,0.0
declara,0.0
moratoria,0.0
moratorias,0.0
llorar,0.0
postergado,0.0
pla,0.0
jubilada,0.0
adentro,0.0
movilizaciones,0.0
bancado,0.0
rezagados,0.0
despedido,0.0
ancianos,0.0
viejos,0.0
bancas,0.0
igual,0.0
movilidad,0.0
permiten,0.0
bis,0.0
marca,0.0
fecha,0.0
vital,0.0
libremente,0.0
consecutivas,0.0
incidencia,0.0
registrado,0.0
trimestre,0.0
severas,0.0
tripartita,0.0
sortear,0.0
podido,0.0
cerrado,0.0
diferente,0.0
totalmente,0.0
electorales,0.0
periodos,0.0
confundimos,0.0
llega,0.0
fijar,0.0
privados,0.0
legisladora,0.0
estatuto,0.0
hubo,0.0
orgullosos,0.0
curso,0.0
repunte,0.0
explotadas,0.0
aportes,0.0
dignidad,0.0
evita,0.0
rural,0.0
restituciones,0.0
agradecer,0.0
sobornos,0.0
sospechadas,0.0
quitaban,0.0
avergonzarse,0.0
tuvieron,0.0
logro,0.0
festejen,0.0
laborales,0.0
sancionaron,0.0
ganaban,0.0
armado,0.0
netbooks,0.0
sanitario,0.0
retornan,0.0
restituidas,0.0
interrumpidlas,0.0
retuvo,0.0
marzo,0.0
lectivo,0.0
ciclo,0.0
acreditado,0.0
retiene,0.0
exigida,0.0
fomentando,0.0
cumplimentar,0.0
recibido,0.0
informal,0.0
vinculada,0.0
cargada,0.0
mochila,0.0
espaldas,0.0
inventario,0.0
continuidad,0.0
articula,0.0
vuelcan,0.0
cara,0.0
perfectamente,0.0
concretamos,0.0
llegando,0.0
record,0.0
familiar,0.0
dejan,0.0
formal,0.0
incorporan,0.0
cobrando,0.0
siguen,0.0
coexisten,0.0
garantizamos,0.0
formales,0.0
sorprendentes,0.0
desarrollado,0.0
sumar,0.0
nacer,0.0
universales,0.0
estudiar,0.0
comer,0.0
grado,0.0
cumplimiento,0.0
tomadas,0.0
propios,0.0
ganando,0.0
plano,0.0
argenta,0.0
tarjeta,0.0
contribuido,0.0
olvidarnos,0.0
completa,0.0
analizar,0.0
fijado,0.0
badaro,0.0
rite,0.0
cuevas,0.0
aprobaran,0.0
injusta,0.0
dedico,0.0
perjudicial,0.0
enviado,0.0
porfiaba,0.0
hector,0.0
recalde,0.0
fijamente,0.0
mutuales,0.0
chupaban,0.0
provienen,0.0
fallos,0.0
bueno,0.0
ajustes,0.0
ingresados,0.0
dato,0.0
pasando,0.0
resueltas,0.0
judiciales,0.0
sentencias,0.0
elliff,0.0
generado,0.0
interminables,0.0
pico,0.0
columnas,0.0
numerosas,0.0
ocupa,0.0
litigiosidad,0.0
adquirido,0.0
originador,0.0
quinto,0.0
estatus,0.0
axel,0.0
tren,0.0
integran,0.0
convertido,0.0
denuncio,0.0
israelitas,0.0
solicitada,0.0
confunda,0.0
voladura,0.0
reclama,0.0
poderosamente,0.0
atentado,0.0
heridos,0.0
embajada,0.0
demandan,0.0
demolieron,0.0
estafando,0.0
juez,0.0
fraude,0.0
sentencia,0.0
dictamen,0.0
testigo,0.0
tablero,0.0
distraerse,0.0
ajedrez,0.0
presentemos,0.0
tella,0.0
guido,0.0
entrevistado,0.0
conozco,0.0
embajador,0.0
yitzhak,0.0
exembajador,0.0
testimoniar,0.0
venga,0.0
pedir,0.0
reclame,0.0
procesados,0.0
informar,0.0
exclusiva,0.0
excluyente,0.0
tratarse,0.0
firmar,0.0
integramos,0.0
legislador,0.0
queda,0.0
cartelitos,0.0
necesito,0.0
carteles,0.0
incorporadas,0.0
jachal,0.0
explosivos,0.0
hermana,0.0
chubut,0.0
rescatistas,0.0
gabinete,0.0
viajando,0.0
profundamente,0.0
sota,0.0
gobernador,0.0
charlaba,0.0
eventos,0.0
intervinieron,0.0
hable,0.0
galeano,0.0
encubrieron,0.0
daia,0.0
soledad,0.0
entrevistaba,0.0
traicionado,0.0
procesado,0.0
vaciador,0.0
encubridor,0.0
beraja,0.0
expresidente,0.0
supiera,0.0
preso,0.0
condenado,0.0
cubrieron,0.0
encubrimiento,0.0
juicio,0.0
demorar,0.0
reclamando,0.0
memorias,0.0
shimon,0.0
peres,0.0
siria,0.0
logran,0.0
nobel,0.0
premio,0.0
arafat,0.0
yasir,0.0
oslo,0.0
preponderante,0.0
dulce,0.0
alturas,0.0
mediaba,0.0
puestas,0.0
secretas,0.0
negociaciones,0.0
interviene,0.0
guerra,0.0
henry,0.0
kissinger,0.0
matan,0.0
consideraba,0.0
traidor,0.0
entramado,0.0
duhalde,0.0
eduardo,0.0
defienda,0.0
bonaerense,0.0
inexistentes,0.0
plantar,0.0
implicancias,0.0
consideraban,0.0
haberse,0.0
radicalizaciones,0.0
acercamiento,0.0
radicalizados,0.0
grupos,0.0
kuwait,0.0
situaciones,0.0
sentado,0.0
frase,0.0
centrada,0.0
tuve,0.0
ortodoxo,0.0
data,0.0
dirigirlos,0.0
side,0.0
enjuiciamiento,0.0
impulsado,0.0
autores,0.0
declarar,0.0
exactamente,0.0
encargado,0.0
matado,0.0
cometido,0.0
desmentido,0.0
cable,0.0
avenida,0.0
plaza,0.0
complejo,0.0
placer,0.0
recusaron,0.0
ocurre,0.0
quejarme,0.0
rabin,0.0
jihadista,0.0
manos,0.0
estadista,0.0
egipto,0.0
ultraderechista,0.0
ocupar,0.0
palestina,0.0
isaac,0.0
demoras,0.0
asume,0.0
atentados,0.0
sucedieron,0.0
fechas,0.0
mapa,0.0
llamaron,0.0
operaciones,0.0
asistencia,0.0
formadas,0.0
militares,0.0
distancia,0.0
reactivar,0.0
roca,0.0
vagones,0.0
jueves,0.0
mitre,0.0
sarmiento,0.0
fierros,0.0
poeta,0.0
cinta,0.0
justificar,0.0
desarticulando,0.0
desconectado,0.0
desarmado,0.0
genocidios,0.0
andar,0.0
lugres,0.0
recordaron,0.0
anunciar,0.0
llamaba,0.0
anunciaba,0.0
comparte,0.0
explicar,0.0
estatizando,0.0
apellido,0.0
preparate,0.0
pinedo,0.0
bancada,0.0
justicialista,0.0
declarado,0.0
mueve,0.0
calculo,0.0
salvo,0.0
justicialismo,0.0
levantaba,0.0
candidato,0.0
ves,0.0
estatizador,0.0
frases,0.0
larga,0.0
reivindicado,0.0
voluntarios,0.0
estatizante,0.0
expropiador,0.0
recuperada,0.0
ypf,0.0
jardines,0.0
blanca,0.0
cambies,0.0
estabas,0.0
inaugurando,0.0
vi,0.0
estuviste,0.0
rufino,0.0
flores,0.0
montes,0.0
giles,0.0
pergamino,0.0
pilar,0.0
absoluto,0.0
perdimos,0.0
gastamos,0.0
petroleras,0.0
randazzo,0.0
preguntaba,0.0
destinada,0.0
maquinaria,0.0
indirectos,0.0
directos,0.0
pozo,0.0
perforen,0.0
acondicionado,0.0
pozos,0.0
perforar,0.0
declino,0.0
revertido,0.0
colgados,0.0
mide,0.0
enchufar,0.0
jefe,0.0
pro,0.0
barriales,0.0
cerdos,0.0
porcinos,0.0
exponencial,0.0
aviar,0.0
faena,0.0
origen,0.0
variedades,0.0
semillas,0.0
consumir,0.0
exportable,0.0
saldo,0.0
autoabastecimiento,0.0
dediquen,0.0
dirijo,0.0
porcina,0.0
exporte,0.0
absurdo,0.0
alimentar,0.0
sexo,0.0
cabezas,0.0
habitante,0.0
limones,0.0
comunitarias,0.0
integradores,0.0
terciarios,0.0
universitarios,0.0
capacitaciones,0.0
accedido,0.0
cooperativistas,0.0
bienvenido,0.0
kilos,0.0
animales,0.0
consumen,0.0
animal,0.0
poquitito,0.0
ovina,0.0
chancho,0.0
pollo,0.0
sorgo,0.0
importemos,0.0
estatistas,0.0
exportemos,0.0
transporta,0.0
renovado,0.0
concesionarios,0.0
contrato,0.0
rescindido,0.0
administra,0.0
sopse,0.0
proyectadas,0.0
operadores,0.0
proyectados,0.0
gerenciando,0.0
privadas,0.0
gerenciamiento,0.0
contratos,0.0
proyectada,0.0
variable,0.0
pagando,0.0
oeste,0.0
fijando,0.0
administradores,0.0
sembrada,0.0
coman,0.0
chanchos,0.0
industrializando,0.0
agropecuarios,0.0
medianos,0.0
dirigirme,0.0
levantar,0.0
sembradas,0.0
administramos,0.0
agropecuaria,0.0
agricultura,0.0
adicionales,0.0
brillante,0.0
queso,0.0
administrar,0.0
administrando,0.0
pista,0.0
defendiendo,0.0
tribunal,0.0
encanta,0.0
delivery,0.0
cautelar,0.0
suspendida,0.0
vuelta,0.0
constitucional,0.0
cautelares,0.0
judicializada,0.0
morales,0.0
senador,0.0
elegirse,0.0
pretender,0.0
actos,0.0
constitucionalidad,0.0
legalidad,0.0
controlar,0.0
legislar,0.0
elegidos,0.0
generalizara,0.0
juzgar,0.0
dependientes,0.0
gobierne,0.0
marchando,0.0
iglesia,0.0
gubernamentales,0.0
abierta,0.0
am,0.0
fm,0.0
licencias,0.0
impedir,0.0
independizado,0.0
shopping,0.0
constitucionales,0.0
declaradas,0.0
pidiendo,0.0
sustituye,0.0
vigente,0.0
normativo,0.0
gerardo,0.0
nombramos,0.0
produciendo,0.0
nombro,0.0
organizadoras,0.0
representante,0.0
ordiales,0.0
fabiana,0.0
estela,0.0
designada,0.0
pronto,0.0
correccional,0.0
orales,0.0
tribunales,0.0
generales,0.0
designar,0.0
concurso,0.0
pedro,0.0
wado,0.0
operador,0.0
designan,0.0
evidentemente,0.0
parrilli,0.0
espiando,0.0
alma,0.0
enoje,0.0
publicado,0.0
fein,0.0
viviana,0.0
nota,0.0
link,0.0
pedirme,0.0
duele,0.0
eh,0.0
exequias,0.0
concurriendo,0.0
anticipar,0.0
desasosiego,0.0
entera,0.0
facebook,0.0
acostumbro,0.0
armando,0.0
aplicarse,0.0
designaron,0.0
pegado,0.0
comprado,0.0
fijo,0.0
dieron,0.0
griegos,0.0
retiro,0.0
movimiento,0.0
perjudica,0.0
costaba,0.0
manipulando,0.0
libor,0.0
manipulan,0.0
chocolate,0.0
oro,0.0
bancarias,0.0
manipulaciones,0.0
presuntas,0.0
estadounidenses,0.0
termino,0.0
ejercicio,0.0
adquiere,0.0
privatizar,0.0
progresado,0.0
superado,0.0
respeta,0.0
respetan,0.0
explicaran,0.0
pactar,0.0
anualizado,0.0
ganado,0.0
expectativa,0.0
atentamente,0.0
sucederlo,0.0
deban,0.0
deje,0.0
probable,0.0
opinaron,0.0
mensaje,0.0
vidrio,0.0
utilizados,0.0
monopolios,0.0
superior,0.0
batalladoras,0.0
sufrieron,0.0
tortura,0.0
atendidos,0.0
interamericana,0.0
pelear,0.0
sufrido,0.0
torturas,0.0
juzgaran,0.0
combatientes,0.0
solidarizo,0.0
fallo,0.0
dejarlo,0.0
menganito,0.0
fulanito,0.0
niegan,0.0
malos,0.0
senadora,0.0
conmovida,0.0
reclamar,0.0
liquidan,0.0
leche,0.0
pegamento,0.0
inti,0.0
maravillosa,0.0
hotelera,0.0
oficiales,0.0
liquidar,0.0
volvemos,0.0
impunes,0.0
ropas,0.0
favorece,0.0
super,0.0
consumidores,0.0
optimistas,0.0
estimado,0.0
noticias,0.0
defensores,0.0
designado,0.0
terminaron,0.0
prolijamente,0.0
negaban,0.0
firme,0.0
cooperadora,0.0
bilateral,0.0
reclamaron,0.0
presentaciones,0.0
corral,0.0
canicoba,0.0
reclamamos,0.0
acusado,0.0
interrogar,0.0
muertos,0.0
palco,0.0
vestiduras,0.0
rasgarse,0.0
interrogados,0.0
acusados,0.0
sostiene,0.0
compulsivo,0.0
denomina,0.0
niega,0.0
investigaciones,0.0
bregando,0.0
encubrimos,0.0
surgen,0.0
surge,0.0
incluido,0.0
invadir,0.0
detenidos,0.0
casus,0.0
extraditar,0.0
pongan,0.0
supongamos,0.0
veto,0.0
rotativos,0.0
representan,0.0
belli,0.0
textualmente,0.0
enumera,0.0
gritando,0.0
levanta,0.0
acta,0.0
sucesos,0.0
entregados,0.0
aparecieron,0.0
caja,0.0
descubrimiento,0.0
evitarlo,0.0
rafecas,0.0
lamento,0.0
ufi,0.0
efectuara,0.0
soslayar,0.0
trasladen,0.0
permitamos,0.0
utilizando,0.0
asquea,0.0
absolviendo,0.0
labrada,0.0
castro,0.0
dicha,0.0
letra,0.0
versus,0.0
llamarse,0.0
recaratulado,0.0
funcionarias,0.0
actuales,0.0
fechado,0.0
firmados,0.0
contaron,0.0
colaboradoras,0.0
escuchas,0.0
pena,0.0
leerla,0.0
planteado,0.0
solicitud,0.0
dirigido,0.0
oficios,0.0
contaba,0.0
onu,0.0
constitucionalmente,0.0
juzgado,0.0
visita,0.0
netanyahu,0.0
obama,0.0
barack,0.0
entredicho,0.0
opone,0.0
negociando,0.0
notificado,0.0
siegue,0.0
evidente,0.0
internas,0.0
presentarme,0.0
presentara,0.0
quedo,0.0
contreras,0.0
opositores,0.0
bochorno,0.0
manoseando,0.0
pide,0.0
sumarle,0.0
bochornoso,0.0
convalidadas,0.0
debida,0.0
obediencia,0.0
realizando,0.0
humanidad,0.0
lesa,0.0
plantarme,0.0
pidan,0.0
terroristas,0.0
utilicen,0.0
soportando,0.0
interesa,0.0
descalificaciones,0.0
agravios,0.0
acostumbrada,0.0
contienda,0.0
escritos,0.0
encubrir,0.0
cooperen,0.0
representamos,0.0
for,0.0
center,0.0
director,0.0
humire,0.0
parece,0.0
sorpresa,0.0
hablaba,0.0
leo,0.0
interesante,0.0
tomarles,0.0
invaden,0.0
vetan,0.0
vetar,0.0
plantear,0.0
acusar,0.0
conveniente,0.0
preocupen,0.0
secure,0.0
free,0.0
society,0.0
intentos,0.0
timerman,0.0
acusa,0.0
orden,0.0
escena,0.0
mezquindades,0.0
peleas,0.0
avatares,0.0
profundizaron,0.0
lobby,0.0
supuestamente,0.0
atacar,0.0
textual,0.0
exponer,0.0
detalle,0.0
conoce,0.0
coautor,0.0
concordia,0.0
autopista,0.0
tachos,0.0
vacunas,0.0
grupo,0.0
antigripal,0.0
vacuna,0.0
difteria,0.0
madera,0.0
toco,0.0
src,0.0
fallecidos,0.0
polio,0.0
vista,0.0
cuello,0.0
ipv,0.0
meningococo,0.0
varicela,0.0
rotavirus,0.0
incorpora,0.0
b,0.0
terriblemente,0.0
gripe,0.0
reducido,0.0
tos,0.0
aplicada,0.0
lactantes,0.0
acelular,0.0
bacteriana,0.0
triple,0.0
disponer,0.0
convulsa,0.0
marchar,0.0
terrible,0.0
dado,0.0
neumococos,0.0
secuelas,0.0
terribles,0.0
meningitis,0.0
asolaba,0.0
bronquiolitis,0.0
hepatitis,0.0
orgullos,0.0
comentarles,0.0
constituye,0.0
suena,0.0
traigo,0.0
berkeley,0.0
especialistas,0.0
realizado,0.0
dejaste,0.0
sinergia,0.0
pobrecito,0.0
chiquitita,0.0
amiguito,0.0
cadera,0.0
displasia,0.0
bot,0.0
leporino,0.0
labio,0.0
aplica,0.0
extiende,0.0
viste,0.0
temprana,0.0
prenatales,0.0
identidad,0.0
universo,0.0
asistida,0.0
sanitaria,0.0
damos,0.0
sexualidad,0.0
transexuales,0.0
cubierta,0.0
prestacional,0.0
probabilidad,0.0
brindan,0.0
efectores,0.0
adquisiciones,0.0
varones,0.0
objetiva,0.0
aumentado,0.0
captadas,0.0
descenso,0.0
distrajo,0.0
digan,0.0
rousseff,0.0
martha,0.0
puerto,0.0
desarraigo,0.0
aguantaban,0.0
parejas,0.0
normalmente,0.0
antiguos,0.0
excelentes,0.0
sueldos,0.0
institucionales,0.0
experiencias,0.0
cuento,0.0
subsanar,0.0
tiende,0.0
comunitarios,0.0
intervenir,0.0
comparable,0.0
schwartz,0.0
inaugurado,0.0
complejidad,0.0
medicina,0.0
entregamos,0.0
instrumental,0.0
atiende,0.0
especialista,0.0
roffo,0.0
desarrollando,0.0
nuclear,0.0
line,0.0
cibersalud,0.0
on,0.0
remitirlo,0.0
resonancia,0.0
computada,0.0
misiones,0.0
conectando,0.0
lanzando,0.0
habitantes,0.0
dilma,0.0
salva,0.0
humano,0.0
destacar,0.0
mencionados,0.0
enfermedad,0.0
colectivo,0.0
bajado,0.0
vacunaciones,0.0
respiratorias,0.0
infectada,0.0
fallecido,0.0
salvador,0.0
guatemala,0.0
dominicana,0.0
desgraciadamente,0.0
fronteriza,0.0
medicamentos,0.0
formidable,0.0
dengue,0.0
sida,0.0
salvar,0.0
tratamiento,0.0
salvan,0.0
recurso,0.0
apunta,0.0
remediar,0.0
indicado,0.0
detectado,0.0
prepagas,0.0
cubierto,0.0
infectadas,0.0
agregar,0.0
hiv,0.0
pacientes,0.0
gratuito,0.0
referencia,0.0
gratis,0.0
palabra,0.0
impactaron,0.0
feminista,0.0
agregamos,0.0
fuer,0.0
piso,0.0
adelanto,0.0
obligatoria,0.0
tornado,0.0
agrupa,0.0
destina,0.0
inversor,0.0
reconoce,0.0
recientes,0.0
tendencias,0.0
nuclea,0.0
ocde,0.0
unesco,0.0
federalismo,0.0
derriba,0.0
institucional,0.0
fijarle,0.0
auxilio,0.0
directivos,0.0
gratuitos,0.0
cliente,0.0
cachito,0.0
demoraban,0.0
cientos,0.0
arreglos,0.0
terminadas,0.0
pantalla,0.0
lectura,0.0
incentivar,0.0
libro,0.0
completar,0.0
cultural,0.0
populares,0.0
bibliotecas,0.0
colegios,0.0
gratuitamente,0.0
distribuidos,0.0
compra,0.0
cobre,0.0
monedas,0.0
particular,0.0
papelitos,0.0
redistributivo,0.0
llegado,0.0
determinado,0.0
aplauden,0.0
locos,0.0
clases,0.0
futbol,0.0
tarde,0.0
habla,0.0
domingo,0.0
atento,0.0
vestido,0.0
decorar,0.0
reflexionar,0.0
padre,0.0
florencia,0.0
hija,0.0
salariales,0.0
firmado,0.0
madrugada,0.0
redistributiva,0.0
siguiente,0.0
pilares,0.0
cobran,0.0
setiembre,0.0
beneficia,0.0
gana,0.0
porcentaje,0.0
igualitaria,0.0
acostado,0.0
fija,0.0
suma,0.0
incentivo,0.0
fonid,0.0
terminado,0.0
dormido,0.0
temprano,0.0
inicio,0.0
festivales,0.0
presunto,0.0
ciencias,0.0
memoria,0.0
operaron,0.0
pasaba,0.0
revisarme,0.0
vacunarme,0.0
motivado,0.0
propician,0.0
pasara,0.0
tecnificado,0.0
demandados,0.0
exclusivamente,0.0
becas,0.0
destinando,0.0
calor,0.0
llover,0.0
nace,0.0
graduaron,0.0
mortalidad,0.0
manzur,0.0
terminemos,0.0
operados,0.0
donante,0.0
transplante,0.0
transplantes,0.0
griten,0.0
establecimientos,0.0
intensidad,0.0
operado,0.0
adolescentes,0.0
materno,0.0
grite,0.0
ah,0.0
gritan,0.0
cubre,0.0
impresionante,0.0
territorial,0.0
establece,0.0
gracioso,0.0
facultades,0.0
encuentros,0.0
inscriptos,0.0
duplicamos,0.0
graduados,0.0
estructural,0.0
egreso,0.0
estudiantil,0.0
universitario,0.0
querible,0.0
curiosidad,0.0
audiovisual,0.0
frecuencia,0.0
recitales,0.0
escucha,0.0
teatro,0.0
contemplados,0.0
iberoamericanos,0.0
latinoamericana,0.0
encuesta,0.0
egresados,0.0
creado,0.0
pibe,0.0
paradigma,0.0
famosa,0.0
querida,0.0
aprobada,0.0
gustaba,0.0
contador,0.0
abogado,0.0
inmigrantes,0.0
necesariamente,0.0
florencio,0.0
ingenieros,0.0
gratuitas,0.0
duplicando,0.0
destinaba,0.0
uba,0.0
quilmes,0.0
varela,0.0
acto,0.0
otamendi,0.0
pateando,0.0
enarsa,0.0
entienda,0.0
entenderlo,0.0
relacionado,0.0
vinculado,0.0
imaginaba,0.0
conducir,0.0
figuran,0.0
chihuidos,0.0
cepernic,0.0
jorge,0.0
tratados,0.0
desembolso,0.0
soldadura,0.0
teleconferencia,0.0
formosa,0.0
noreste,0.0
gasoducto,0.0
cometer,0.0
graves,0.0
equivocaciones,0.0
carnales,0.0
intelectualmente,0.0
subordinado,0.0
mentalmente,0.0
colonizado,0.0
comunes,0.0
normales,0.0
sacaban,0.0
siglos,0.0
pensaba,0.0
articular,0.0
cubanos,0.0
norteamericanos,0.0
sentados,0.0
bloqueo,0.0
levantamiento,0.0
estadounidense,0.0
generadores,0.0
turbio,0.0
neurona,0.0
brown,0.0
digamos,0.0
comentario,0.0
intendente,0.0
cloacales,0.0
gamma,0.0
zamora,0.0
lomas,0.0
iama,0.0
imax,0.0
imac,0.0
fleny,0.0
rossi,0.0
italiano,0.0
sanatorios,0.0
adoptada,0.0
adquirida,0.0
similar,0.0
procesar,0.0
distritos,0.0
conurbano,0.0
tramo,0.0
guillermo,0.0
brigadier,0.0
cierre,0.0
ensenada,0.0
ingresar,0.0
construido,0.0
mesopotamia,0.0
audiencias,0.0
digna,0.0
tardamos,0.0
disparados,0.0
pedirle,0.0
denominada,0.0
inaugurada,0.0
combinado,0.0
cumpla,0.0
chiquito,0.0
chinos,0.0
medicinales,0.0
sexta,0.0
purificadora,0.0
aysa,0.0
tratamientos,0.0
izquierdo,0.0
margen,0.0
colectora,0.0
haga,0.0
ponemos,0.0
precedentes,0.0
influencia,0.0
abordaje,0.0
saneamiento,0.0
avanzado,0.0
perdiste,0.0
podrida,0.0
arma,0.0
limpiar,0.0
rosas,0.0
ubicada,0.0
tigre,0.0
olvidado,0.0
nombres,0.0
privatizado,0.0
aprobamos,0.0
fundamos,0.0
vido,0.0
garaje,0.0
juntamos,0.0
aguas,0.0
recuperamos,0.0
iniciarla,0.0
pensado,0.0
sanitarias,0.0
dada,0.0
oficialistas,0.0
votamos,0.0
solitos,0.0
riachuelo,0.0
coloca,0.0
chinas,0.0
uranio,0.0
sol,0.0
tapar,0.0
popular,0.0
reclamara,0.0
transfieran,0.0
vendan,0.0
tontos,0.0
exportadora,0.0
intra,0.0
alemanes,0.0
advierten,0.0
convertirse,0.0
hacerse,0.0
piensa,0.0
alemana,0.0
canciller,0.0
europeos,0.0
segura,0.0
ignorar,0.0
conforma,0.0
metiendo,0.0
enriquecimiento,0.0
liviana,0.0
chino,0.0
pesada,0.0
amba,0.0
aplicar,0.0
defenderlo,0.0
colonial,0.0
interlocutor,0.0
intelectual,0.0
salgan,0.0
decide,0.0
asegurar,0.0
bush,0.0
washington,0.0
participado,0.0
estando,0.0
dedicarnos,0.0
cirujano,0.0
estimulan,0.0
reconocerle,0.0
devolverle,0.0
desarrollarse,0.0
repatriar,0.0
incorporaciones,0.0
becarios,0.0
platos,0.0
lavar,0.0
mandado,0.0
conicet,0.0
investigadores,0.0
salto,0.0
revelan,0.0
fiduciario,0.0
vinculadores,0.0
eficientes,0.0
brindar,0.0
investigador,0.0
ganaba,0.0
seguramente,0.0
estudia,0.0
desarrolladas,0.0
productivas,0.0
innovaciones,0.0
bid,0.0
encuestados,0.0
investigados,0.0
ascendido,0.0
ct,0.0
becario,0.0
cualitativo,0.0
refleja,0.0
cubriendo,0.0
agregando,0.0
giol,0.0
bodegas,0.0
cansado,0.0
empresarial,0.0
serie,0.0
llevo,0.0
inicia,0.0
intraoculares,0.0
lentes,0.0
anuales,0.0
cien,0.0
lea,0.0
entregando,0.0
compre,0.0
mire,0.0
preferido,0.0
figurara,0.0
entregado,0.0
cuarta,0.0
esperaba,0.0
di,0.0
ceremonia,0.0
opera,0.0
ofender,0.0
cataratas,0.0
elementos,0.0
postrados,0.0
responder,0.0
cuadruplicar,0.0
diez,0.0
observar,0.0
incrementar,0.0
abril,0.0
oie,0.0
laboratorios,0.0
observadores,0.0
escaren,0.0
cancerberos,0.0
laboratorio,0.0
anmat,0.0
trazabilidad,0.0
infinito,0.0
ruedas,0.0
marcapasos,0.0
inta,0.0
echar,0.0
exige,0.0
satelital,0.0
megavatios,0.0
bautizada,0.0
ii,0.0
atucha,0.0
cerquita,0.0
lima,0.0
localidad,0.0
protagonizamos,0.0
lanzadores,0.0
nervioso,0.0
experimental,0.0
pipinas,0.0
sudor,0.0
exitoso,0.0
hito,0.0
conectada,0.0
desplegada,0.0
mesita,0.0
cierra,0.0
reactor,0.0
entra,0.0
abandonada,0.0
gustado,0.0
inyectamos,0.0
visitarla,0.0
cosos,0.0
metida,0.0
foto,0.0
sellado,0.0
descubrieron,0.0
llamarle,0.0
aprietas,0.0
puedes,0.0
nucleares,0.0
plantas,0.0
ingenio,0.0
abogada,0.0
complementaria,0.0
frecuencias,0.0
reglamento,0.0
permitiendo,0.0
radares,0.0
orbita,0.0
geoestacional,0.0
municipal,0.0
mussi,0.0
patricio,0.0
trueque,0.0
berazategui,0.0
municipalidad,0.0
lanzamiento,0.0
hitos,0.0
noa,0.0
nea,0.0
gasoductos,0.0
polea,0.0
mensajes,0.0
reafirmado,0.0
invap,0.0
menospreciar,0.0
ingresamos,0.0
video,0.0
antena,0.0
latinoamericano,0.0
espectro,0.0
c,0.0
banda,0.0
vale,0.0
septiembre,0.0
brindando,0.0
selecto,0.0
cohetes,0.0
lanzador,0.0
tronador,0.0
guyana,0.0
aire,0.0
ponerla,0.0
capaces,0.0
perdieron,0.0
criterios,0.0
bomberos,0.0
acercarnos,0.0
establecimos,0.0
visitas,0.0
jefes,0.0
organizar,0.0
regional,0.0
sede,0.0
foros,0.0
importantes,0.0
georgias,0.0
sandwich,0.0
sur,0.0
fortalece,0.0
permite,0.0
definitiva,0.0
comercial,0.0
prolongado,0.0
diferendo,0.0
actor,0.0
conocida,0.0
aciertos,0.0
virtudes,0.0
defectos,0.0
potenciar,0.0
preocupados,0.0
contacto,0.0
vidas,0.0
afectos,0.0
habitual,0.0
resolvimos,0.0
plataforma,0.0
efectivos,0.0
empleamos,0.0
contrataciones,0.0
compromete,0.0
privado,0.0
altos,0.0
debata,0.0
empresaria,0.0
manipulaba,0.0
confiables,0.0
expediente,0.0
ministerios,0.0
agilizar,0.0
jerarquizando,0.0
capacitamos,0.0
triplicar,0.0
alianza,0.0
sientan,0.0
orgullo,0.0
concreta,0.0
fuente,0.0
beneficios,0.0
inserten,0.0
cadenas,0.0
extranjera,0.0
colaborar,0.0
enriquecernos,0.0
culturas,0.0
planeta,0.0
zona,0.0
discurso,0.0
presidencial,0.0
plenos,0.0
basta,0.0
siento,0.0
transmitirles,0.0
novedades,0.0
ayudarnos,0.0
mezquina,0.0
cinismos,0.0
actuar,0.0
excusas,0.0
viajo,0.0
veo,0.0
escucho,0.0
razonar,0.0
convencido,0.0
echado,0.0
felices,0.0
creciendo,0.0
atajos,0.0
mentiras,0.0
regalen,0.0
robarnos,0.0
emociona,0.0
hablado,0.0
transmitieron,0.0
aspiraciones,0.0
pidieron,0.0
criticaron,0.0
palabras,0.0
quedaron,0.0
dejaron,0.0
temas,0.0
robots,0.0
artificial,0.0
vinculados,0.0
sentimientos,0.0
emociones,0.0
inmensa,0.0
afectiva,0.0
imposible,0.0
pagar,0.0
comida,0.0
mesa,0.0
contento,0.0
comenzado,0.0
caminar,0.0
merecemos,0.0
convencernos,0.0
mira,0.0
justo,0.0
incertidumbres,0.0
volatilidades,0.0
centrales,0.0
desarrollados,0.0
cruzados,0.0
migratorias,0.0
autos,0.0
manejan,0.0
solos,0.0
alimentos,0.0
producen,0.0
decretos,0.0
publicaremos,0.0
patrimonio,0.0
esfuerzos,0.0
criminales,0.0
seguros,0.0
ex,0.0
villa,0.0
estatal,0.0
redujo,0.0
replicar,0.0
concentrados,0.0
desarmar,0.0
cadena,0.0
narco,0.0
incautamos,0.0
subproductos,0.0
flagrancia,0.0
denuncia,0.0
sanciones,0.0
llamada,0.0
puerta,0.0
giratoria,0.0
tendremos,0.0
debatir,0.0
paco,0.0
dominio,0.0
penitenciario,0.0
cercana,0.0
moderna,0.0
estudio,0.0
vemos,0.0
redes,0.0
semana,0.0
monitorearlas,0.0
radar,0.0
recapturado,0.0
cuidan,0.0
extendimos,0.0
suboficiales,0.0
centro,0.0
rendimiento,0.0
niveles,0.0
superiores,0.0
provinciales,0.0
juntas,0.0
debate,0.0
nuevo,0.0
juvenil,0.0
agosto,0.0
invitamos,0.0
diputados,0.0
senadores,0.0
religiosas,0.0
organizaciones,0.0
combate,0.0
campos,0.0
incluyendo,0.0
inteligencia,0.0
alcanza,0.0
oferta,0.0
adicciones,0.0
incorporamos,0.0
libertad,0.0
curar,0.0
defender,0.0
ahorraron,0.0
sancionada,0.0
obligatorios,0.0
presidenciales,0.0
arcaico,0.0
trampa,0.0
alejemos,0.0
envicia,0.0
destrozadas,0.0
tragedias,0.0
pudieron,0.0
evitado,0.0
ahorros,0.0
transparentes,0.0
chaco,0.0
empezar,0.0
metrobuses,0.0
matanza,0.0
integridad,0.0
municipales,0.0
profundizar,0.0
depositada,0.0
conferencia,0.0
cree,0.0
separar,0.0
suspicacia,0.0
dude,0.0
toma,0.0
deber,0.0
avance,0.0
escaso,0.0
decepciones,0.0
representar,0.0
logros,0.0
alcanzar,0.0
padeciendo,0.0
estilo,0.0
descalificaba,0.0
devolver,0.0
periodistas,0.0
respondemos,0.0
preguntas,0.0
rendir,0.0
cuentas,0.0
partidarias,0.0
iniciativa,0.0
usada,0.0
fines,0.0
partidarios,0.0
iniciativas,0.0
permanecer,0.0
dotamos,0.0
contenidos,0.0
pluralismo,0.0
vuelto,0.0
funcionarios,0.0
personalmente,0.0
tocando,0.0
timbre,0.0
directamente,0.0
simples,0.0
dijeron,0.0
aflojes,0.0
producir,0.0
tomado,0.0
mente,0.0
reconocimiento,0.0
sentimiento,0.0
honorable,0.0
vicepresidenta,0.0
cuerpo,0.0
legisladores,0.0
homenajear,0.0
tripulantes,0.0
submarino,0.0
ara,0.0
juan,0.0
entregaron,0.0
reiterarles,0.0
alcance,0.0
parques,0.0
superficie,0.0
robos,0.0
tranquilos,0.0
encontrarlos,0.0
tercera,0.0
corrientes,0.0
cambie,0.0
quede,0.0
propuesta,0.0
amor,0.0
vine,0.0
conviene,0.0
sienta,0.0
oportunidad,0.0
critican,0.0
lento,0.0
piden,0.0
shock,0.0
ajuste,0.0
pase,0.0
hubiese,0.0
iniciar,0.0
cambiado,0.0
hermano,0.0
elegimos,0.0
gradualismo,0.0
endeudarnos,0.0
multiplicar,0.0
confiable,0.0
evitar,0.0
coherencia,0.0
templanza,0.0
recorrer,0.0
ayuden,0.0
desconocer,0.0
combatiendo,0.0
errores,0.0
sacando,0.0
distinto,0.0
afuera,0.0
comprender,0.0
marcar,0.0
incomode,0.0
comprometerse,0.0
incluyan,0.0
estuve,0.0
siga,0.0
encontrando,0.0
vienen,0.0
frutos,0.0
sentirse,0.0
pareja,0.0
enamorados,0.0
acceder,0.0
propia,0.0
trabajador,0.0
vuelve,0.0
lluvia,0.0
embarrarse,0.0
asfalto,0.0
cuadra,0.0
emprendedor,0.0
pudo,0.0
llena,0.0
pusieron,0.0
emprender,0.0
impenetrable,0.0
aconquija,0.0
mauricio,0.0
anses,0.0
verdaderos,0.0
integral,0.0
combatir,0.0
he,0.0
total,0.0
cifra,0.0
real,0.0
indec,0.0
concretas,0.0
nuevos,0.0
adultos,0.0
alto,0.0
esperamos,0.0
implementamos,0.0
decisiones,0.0
vulnerables,0.0
haya,0.0
viviendo,0.0
barrios,0.0
familias,0.0
informales,0.0
localidades,0.0
comunidad,0.0
obra,0.0
haciendo,0.0
primaria,0.0
adolescente,0.0
vivienda,0.0
intencional,0.0
trabajando,0.0
vinimos,0.0
pueda,0.0
aflojemos,0.0
demos,0.0
vencidos,0.0
ratifiquemos,0.0
escuchemos,0.0
radica,0.0
halla,0.0
doy,0.0
legislativo,0.0
repetir,0.0
avanzando,0.0
ponen,0.0
llevando,0.0
bases,0.0
aeropuertos,0.0
corto,0.0
poniendo,0.0
seguro,0.0
cifras,0.0
participar,0.0
posibles,0.0
entusiasmo,0.0
fundamentales,0.0
programa,0.0
parque,0.0
pymes,0.0
internacionales,0.0
nacionales,0.0
turistas,0.0
decenas,0.0
emprendedores,0.0
idea,0.0
pyme,0.0
crean,0.0
vaca,0.0
muerta,0.0
recuperar,0.0
empiezan,0.0
moneda,0.0
canalizar,0.0
conectados,0.0
ahorro,0.0
productivo,0.0
febrero,0.0
miles,0.0
ayudando,0.0
generan,0.0
autopistas,0.0
san,0.0
concretos,0.0
garantizar,0.0
proceso,0.0
usuarios,0.0
protegidas,0.0
venta,0.0
campo,0.0
enfrentar,0.0
base,0.0
docentes,0.0
pasar,0.0
cuide,0.0
penas,0.0
medir,0.0
mil,0.0
dije,0.0
mujer,0.0
pusimos,0.0
avanzamos,0.0
comienzo,0.0
crear,0.0
potencial,0.0
dificulta,0.0
ahorrar,0.0
metas,0.0
baja,0.0
clara,0.0
cuenta,0.0
muestra,0.0
crecieron,0.0
salarios,0.0
caer,0.0
meta,0.0
ejemplo,0.0
aumenta,0.0
enero,0.0
municipios,0.0
servidores,0.0
urbanizando,0.0
asentamientos,0.0
potable,0.0
veredas,0.0
iluminadas,0.0
terminando,0.0
territorio,0.0
wichi,0.0
salta,0.0
urbanas,0.0
prepaga,0.0
zonas,0.0
protegidos,0.0
sindicales,0.0
reconociendo,0.0
reclamaban,0.0
afiliados,0.0
columna,0.0
vertebral,0.0
luis,0.0
rioja,0.0
treinta,0.0
seguidos,0.0
identificamos,0.0
asistiendo,0.0
vengan,0.0
oficinas,0.0
buscar,0.0
dni,0.0
igualar,0.0
llegaba,0.0
clientelismos,0.0
punteros,0.0
barrio,0.0
operativos,0.0
lugares,0.0
tramitar,0.0
limpia,0.0
auh,0.0
vacunar,0.0
asesorarse,0.0
presencia,0.0
traduce,0.0
villas,0.0
precarios,0.0
hablo,0.0
canilla,0.0
salga,0.0
guardia,0.0
demuestra,0.0
cuidarnos,0.0
formados,0.0
abandonaron,0.0
nazcan,0.0
aprendan,0.0
distancias,0.0
rurales,0.0
conectaremos,0.0
arsat,0.0
recibirse,0.0
articulamos,0.0
sistemas,0.0
educativos,0.0
motivados,0.0
importa,0.0
reconocidos,0.0
realizarse,0.0
vocaciones,0.0
apoyarlos,0.0
agresiones,0.0
raquel,0.0
rosario,0.0
frontera,0.0
quisieron,0.0
chica,0.0
agredidas,0.0
madre,0.0
detener,0.0
secundario,0.0
termina,0.0
chico,0.0
adulto,0.0
conocimientos,0.0
proteger,0.0
lanzaremos,0.0
discapacidad,0.0
verdaderas,0.0
nacen,0.0
decididos,0.0
encuentren,0.0
diario,0.0
inspirarnos,0.0
pura,0.0
honesto,0.0
plena,0.0
obliga,0.0
juego,0.0
diferencia,0.0
une,0.0
revolucionar,0.0
vayan,0.0
abandonen,0.0
mitad,0.0
comenzaron,0.0
superamos,0.0
faltaba,0.0
animaba,0.0
serio,0.0
edificar,0.0
mirar,0.0
atractivo,0.0
agota,0.0
deja,0.0
estructura,0.0
fundamental,0.0
contenga,0.0
presente,0.0
cargo,0.0
pie,0.0
aparecen,0.0
duraderas,0.0
realidades,0.0
relato,0.0
comunicar,0.0
reales,0.0
colaboremos,0.0
conlleva,0.0
sufren,0.0
sentando,0.0
hombro,0.0
cuerpos,0.0
segunda,0.0
abriendo,0.0
ejecutivo,0.0
colaborativo,0.0
aprobar,0.0
necesarias,0.0
comenzar,0.0
empiezo,0.0
agradeciendo,0.0
voluntad,0.0
agradezco,0.0
necesita,0.0
supimos,0.0
cambien,0.0
resisten,0.0
palos,0.0
rueda,0.0
desanimar,0.0
aferrados,0.0
convicciones,0.0
valores,0.0
hacernos,0.0
respuestas,0.0
alcanzamos,0.0
avances,0.0
sepamos,0.0
rumbo,0.0
general,0.0
proyectamos,0.0
dicho,0.0
humana,0.0
crezca,0.0
referirme,0.0
hablarles,0.0
urgente,0.0
contundentes,0.0
confiar,0.0
esperan,0.0
mantuvimos,0.0
ampliamos,0.0
fortalecimos,0.0
principalmente,0.0
tarifas,0.0
papeles,0.0
objetivos,0.0
revertir,0.0
exigen,0.0
mentalidad,0.0
complica,0.0
propias,0.0
limitaciones,0.0
empantanarnos,0.0
rechazar,0.0
estancado,0.0
batallas,0.0
monumento,0.0
proyectar,0.0
espera,0.0
liderazgos,0.0
aportar,0.0
dialogando,0.0
sigamos,0.0
colaborando,0.0
humildad,0.0
madurez,0.0
logra,0.0
ocultar,0.0
alumnas,0.0
marta,0.0
examen,0.0
trabajaremos,0.0
bicameral,0.0
actitudes,0.0
oportunistas,0.0
impedido,0.0
consensuar,0.0
arrastramos,0.0
haberlo,0.0
aumentar,0.0
programas,0.0
costa,0.0
desatando,0.0
duradero,0.0
fomentar,0.0
fijamos,0.0
liderazgo,0.0
primeras,0.0
largos,0.0
reduce,0.0
bancos,0.0
regulaciones,0.0
capitales,0.0
simplificado,0.0
progresivo,0.0
equitativo,0.0
gigantesca,0.0
minera,0.0
cuidando,0.0
favoreciendo,0.0
tomamos,0.0
autopartista,0.0
lanzar,0.0
facilidad,0.0
alivio,0.0
fomento,0.0
empuje,0.0
convierta,0.0
polo,0.0
enviaremos,0.0
personales,0.0
radicarse,0.0
aumentaron,0.0
exportaciones,0.0
cantidades,0.0
productividad,0.0
lleguen,0.0
seria,0.0
aplastar,0.0
privada,0.0
devuelve,0.0
renovar,0.0
reabrimos,0.0
guardaparques,0.0
reserva,0.0
natural,0.0
silvestre,0.0
santa,0.0
cruz,0.0
esteros,0.0
sancione,0.0
convertir,0.0
ratifico,0.0
naturales,0.0
preocupaciones,0.0
reconstruir,0.0
criminal,0.0
enviamos,0.0
federales,0.0
tasa,0.0
calificados,0.0
declaramos,0.0
inundaciones,0.0
reciben,0.0
llegue,0.0
saldar,0.0
patagonia,0.0
implementando,0.0
evitando,0.0
nacieron,0.0
busca,0.0
llegamos,0.0
incluye,0.0
km,0.0
demanda,0.0
modernizando,0.0
duplicar,0.0
aeropuerto,0.0
mitigar,0.0
impacto,0.0
comercios,0.0
dejamos,0.0
reglamentamos,0.0
amenazada,0.0
encarar,0.0
machista,0.0
patrones,0.0
naturalizan,0.0
elemento,0.0
indispensable,0.0
estafa,0.0
crecemos,0.0
sufre,0.0
saliendo,0.0
fondo,0.0
sostenido,0.0
paraliza,0.0
impide,0.0
anteriores,0.0
fomentaron,0.0
esconder,0.0
enfrentamos,0.0
descendente,0.0
anualizada,0.0
grito,0.0
unimos,0.0
muere,0.0
bala,0.0
baradel,0.0
necesite,0.0
sancionen,0.0
agrave,0.0
agreden,0.0
participaron,0.0
operativo,0.0
traten,0.0
profundidad,0.0
merece,0.0
impulsamos,0.0
voz,0.0
participan,0.0
sumarse,0.0
impresionantes,0.0
prometimos,0.0
continuando,0.0
conectadas,0.0
triplicado,0.0
ocuparnos,0.0
horas,0.0
traer,0.0
ganar,0.0
competitivos,0.0
fortalezca,0.0
retribuya,0.0
alcancen,0.0
tomando,0.0
modificamos,0.0
lanzamos,0.0
encontrarse,0.0
reinsertarse,0.0
sostenibles,0.0
supermercados,0.0
condiciones,0.0
productores,0.0
respondieron,0.0
tractores,0.0
cosechadoras,0.0
sembradoras,0.0
cosecha,0.0
trigo,0.0
abrimos,0.0
mercados,0.0
pagos,0.0
recaudamos,0.0
bajaron,0.0
conseguirlo,0.0
probamos,0.0
alcanzados,0.0
superados,0.0
espalda,0.0
actualizar,0.0
ingresos,0.0
revertimos,0.0
actualizando,0.0
corriendo,0.0
populismo,0.0
salimos,0.0
incorporarnos,0.0
financia,0.0
tasas,0.0
comienza,0.0
fluir,0.0
redujimos,0.0
sancionamos,0.0
calculado,0.0
comprometimos,0.0
significativos,0.0
moderno,0.0
facilitador,0.0
obligue,0.0
extender,0.0
pagaban,0.0
razones,0.0
menor,0.0
instrumento,0.0
mantiene,0.0
vimos,0.0
financiamiento,0.0
media,0.0
logramos,0.0
laboral,0.0
perder,0.0
empleadores,0.0
hombre,0.0
vuelos,0.0
cabotaje,0.0
mesas,0.0
camas,0.0
conexiones,0.0
extranjero,0.0
baratos,0.0
pueblos,0.0
celulares,0.0
aplicado,0.0
consultas,0.0
pueblo,0.0
fibra,0.0
conecta,0.0
cuotas,0.0
casas,0.0
hipotecario,0.0
gastar,0.0
realizar,0.0
computadora,0.0
gasta,0.0
plata,0.0
permanentes,0.0
da,0.0
software,0.0
telecomunicaciones,0.0
financiero,0.0
presidir,0.0
vence,0.0
boden,0.0
cambia,0.0
diametralmente,0.0
apenas,0.0
vencimiento,0.0
igualmente,0.0
inferior,0.0
bonar,0.0
desendeudado,0.0
endeudamos,0.0
ganancia,0.0
marco,0.0
arreglar,0.0
generaron,0.0
imaginar,0.0
autoridades,0.0
monetarias,0.0
reducciones,0.0
famosos,0.0
contados,0.0
liqui,0.0
ilegal,0.0
mep,0.0
manteniendo,0.0
aumentando,0.0
fuerte,0.0
toque,0.0
votos,0.0
reelecta,0.0
tranquilidad,0.0
reestructurada,0.0
consultora,0.0
mckinsey,0.0
descendido,0.0
negativa,0.0
externa,0.0
muestran,0.0
banderas,0.0
irlanda,0.0
grecia,0.0
portugal,0.0
suecia,0.0
holanda,0.0
india,0.0
presidenta,0.0
signo,0.0
negativo,0.0
asimismo,0.0
nueve,0.0
corridas,0.0
efectuadas,0.0
siete,0.0
cerraron,0.0
presten,0.0
pagado,0.0
expresada,0.0
interna,0.0
ofensiva,0.0
acababa,0.0
acciones,0.0
inyectaba,0.0
endeudamiento,0.0
acotada,0.0
hipotecas,0.0
solucionaba,0.0
fondeando,0.0
financiera,0.0
mancha,0.0
aceite,0.0
salvataje,0.0
dijimos,0.0
reuniones,0.0
g,0.0
fondeo,0.0
parar,0.0
fmi,0.0
banca,0.0
sombras,0.0
derivados,0.0
enteramos,0.0
hsbc,0.0
fugados,0.0
recordarlo,0.0
ayer,0.0
informaron,0.0
incendio,0.0
iron,0.0
mountain,0.0
casual,0.0
brothers,0.0
lehman,0.0
iniciada,0.0
terminara,0.0
hubiera,0.0
repetido,0.0
convengamos,0.0
grave,0.0
decirlo,0.0
organismo,0.0
internacionalmente,0.0
reconocido,0.0
chupadores,0.0
sangre,0.0
internos,0.0
trabajado,0.0
duramente,0.0
fundamentalmente,0.0
mantenimiento,0.0
genuino,0.0
empresariado,0.0
sostener,0.0
comentaba,0.0
informa,0.0
produce,0.0
totalidad,0.0
numerosos,0.0
dirigentes,0.0
organismos,0.0
multilaterales,0.0
culminara,0.0
afortunadamente,0.0
dirime,0.0
cooperativas,0.0
enfermedades,0.0
accidente,0.0
condena,0.0
manejar,0.0
ampliamente,0.0
pongamos,0.0
sillas,0.0
infantil,0.0
afecta,0.0
consume,0.0
veamos,0.0
u,0.0
disminuye,0.0
posibilidades,0.0
tipos,0.0
precisamente,0.0
norma,0.0
colegio,0.0
paritarias,0.0
embarazadas,0.0
embarazos,0.0
abandonan,0.0
sexual,0.0
centros,0.0
aborto,0.0
favor,0.0
incluya,0.0
escuchen,0.0
falsa,0.0
recuperando,0.0
murieron,0.0
calles,0.0
oral,0.0
ofrecer,0.0
espacio,0.0
ampliando,0.0
inauguramos,0.0
mar,0.0
pesca,0.0
contarles,0.0
mayo,0.0
disfrutar,0.0
local,0.0
visto,0.0
logrado,0.0
calle,0.0
mano,0.0
dura,0.0
ponga,0.0
republicano,0.0
cuidados,0.0
carne,0.0
mala,0.0
entiendo,0.0
pasan,0.0
estrategia,0.0
abordar,0.0
viejo,0.0
actual,0.0
deciden,0.0
decidimos,0.0
pasajeros,0.0
abarcarnos,0.0
remontar,0.0
joseph,0.0
cotterill,0.0
financial,0.0
times,0.0
periodista,0.0
lograron,0.0
reestructurados,0.0
cotizan,0.0
par,0.0
nominal,0.0
bono,0.0
felicitar,0.0
supo,0.0
expectativas,0.0
rubros,0.0
volcado,0.0
tirado,0.0
auguraban,0.0
financieras,0.0
azuzadas,0.0
york,0.0
intentaron,0.0
trabar,0.0
apoyados,0.0
fracasos,0.0
adjudicados,0.0
dirigencia,0.0
concepto,0.0
tuit,0.0
leer,0.0
pude,0.0
viernes,0.0
actividad,0.0
empleadas,0.0
materiales,0.0
entrega,0.0
pedido,0.0
sucede,0.0
automotriz,0.0
actores,0.0
pudieran,0.0
refiero,0.0
pudiera,0.0
clase,0.0
edificio,0.0
ve,0.0
hecha,0.0
propio,0.0
piensan,0.0
absoluta,0.0
funcionar,0.0
coraje,0.0
cabeza,0.0
dispuesto,0.0
inciso,0.0
inaugurar,0.0
asamblea,0.0
legislativa,0.0
discursos,0.0
ejercer,0.0
decidido,0.0
transformarlo,0.0
urbanos,0.0
abstracta,0.0
convierten,0.0
habremos,0.0
vivan,0.0
persiste,0.0
abolicionismo,0.0
resolverla,0.0
respete,0.0
ofrezca,0.0
proporcionales,0.0
cometidos,0.0
vivamos,0.0
respiramos,0.0
temperatura,0.0
cumple,0.0
marinos,0.0
tendidos,0.0
desconectadas,0.0
basados,0.0
legal,0.0
medianas,0.0
participen,0.0
activamente,0.0
neutralidad,0.0
pluralidad,0.0
preparados,0.0
verde,0.0
conocer,0.0
preservar,0.0
naturaleza,0.0
duda,0.0
chiquita,0.0
sentirnos,0.0
juegan,0.0
verdaderamente,0.0
metrobus,0.0
conocemos,0.0
vuelva,0.0
crucial,0.0
volante,0.0
termine,0.0
efectiva,0.0
introduzca,0.0
fuertes,0.0
conductores,0.0
riesgo,0.0
alcoholizados,0.0
merecen,0.0
efecto,0.0
superando,0.0
permitida,0.0
recordemos,0.0
trasportamos,0.0
distraernos,0.0
muertes,0.0
viales,0.0
formas,0.0
trabajemos,0.0
apostando,0.0
reparamos,0.0
seguras,0.0
demandas,0.0
bandas,0.0
funcionando,0.0
incautaciones,0.0
recupere,0.0
emparchado,0.0
expertos,0.0
propongan,0.0
investigan,0.0
protagonismo,0.0
den,0.0
matando,0.0
accidentes,0.0
morir,0.0
brazos,0.0
aceleramos,0.0
bajas,0.0
alquiler,0.0
tomaron,0.0
refacciones,0.0
conectarse,0.0
cloaca,0.0
bajarla,0.0
castiga,0.0
presos,0.0
planificar,0.0
emprendimos,0.0
opciones,0.0
pedimos,0.0
organizarnos,0.0
desaparecen,0.0
resistirnos,0.0
partes,0.0
registrados,0.0
compraron,0.0
boom,0.0
viajes,0.0
colas,0.0
innecesarias,0.0
celular,0.0
beneficiarnos,0.0
reglas,0.0
mostrar,0.0
estudian,0.0
resuelven,0.0
normas,0.0
definen,0.0
nombrar,0.0
calificaciones,0.0
sumen,0.0
surjan,0.0
ordena,0.0
ordenar,0.0
desorden,0.0
serios,0.0
equilibrio,0.0
administrarla,0.0
informalidad,0.0
registrarse,0.0
moverse,0.0
amabilidad,0.0
vendidas,0.0
teatros,0.0
olimpiadas,0.0
juventud,0.0
entrada,0.0
compartida,0.0
visite,0.0
enamore,0.0
quiera,0.0
transformemos,0.0
ganas,0.0
multipliquen,0.0
ciudades,0.0
comunicados,0.0
expresarnos,0.0
ahorrarnos,0.0
eternos,0.0
telesalud,0.0
funciona,0.0
garraham,0.0
entradas,0.0
ocupadas,0.0
restaurantes,0.0
corresponden,0.0
sindicatos,0.0
gane,0.0
llegan,0.0
igualitario,0.0
establecen,0.0
iguales,0.0
compartamos,0.0
nacimiento,0.0
licencia,0.0
paternidad,0.0
propongo,0.0
organicemos,0.0
batimos,0.0
hospedado,0.0
viajeros,0.0
hoteles,0.0
regiones,0.0
viajado,0.0
carnaval,0.0
llenas,0.0
obesidad,0.0
derrotarlos,0.0
imparables,0.0
indiferencia,0.0
enteros,0.0
sumergidos,0.0
barro,0.0
imaginemos,0.0
imaginarlo,0.0
imaginamos,0.0
sucediendo,0.0
consecutiva,0.0
invisible,0.0
estructuras,0.0
pilotes,0.0
volcando,0.0
firmes,0.0
durar,0.0
pertenecer,0.0
minuto,0.0
abran,0.0
piensen,0.0
proponiendo,0.0
surgiendo,0.0
asfaltar,0.0
destrabando,0.0
malnutridos,0.0
cambian,0.0
verdadero,0.0
temer,0.0
ocultamiento,0.0
terminen,0.0
acordarnos,0.0
embarazo,0.0
chicas,0.0
intencionales,0.0
darnos,0.0
empodera,0.0
informados,0.0
comunidades,0.0
profesionales,0.0
asesoren,0.0
reproductiva,0.0
anticonceptivos,0.0
postergando,0.0
sensible,0.0
publiquen,0.0
prohibido,0.0
yendo,0.0
involucrarnos,0.0
sorprenda,0.0
sobrepeso,0.0
caras,0.0
consecuencias,0.0
directas,0.0
sufrir,0.0
diabetes,0.0
frescos,0.0
saludables,0.0
sana,0.0
semejante,0.0
liderar,0.0
involucra,0.0
aseguro,0.0
preparando,0.0
identificar,0.0
faro,0.0
focalizamos,0.0
aplicando,0.0
desentendernos,0.0
maduros,0.0
agrado,0.0
despierta,0.0
sentarnos,0.0
vendedor,0.0
prepara,0.0
artefactos,0.0
correcta,0.0
dejando,0.0
estancamiento,0.0
retroceso,0.0
madurando,0.0
sirve,0.0
culpando,0.0
patoterismos,0.0
extorsiones,0.0
demostramos,0.0
forestal,0.0
sentamos,0.0
conversar,0.0
partiendo,0.0
premisa,0.0
implicados,0.0
inquietudes,0.0
propuestas,0.0
flete,0.0
asfaltadas,0.0
ganaron,0.0
tomen,0.0
posturas,0.0
dialogamos,0.0
propuse,0.0
destinados,0.0
fracasar,0.0
resignarnos,0.0
aparecer,0.0
poderosa,0.0
depende,0.0
creyera,0.0
agranda,0.0
cemento,0.0
usados,0.0
motos,0.0
citar,0.0
visibles,0.0
bimestre,0.0
sobrepasamos,0.0
auto,0.0
